UniProtID,DrugBank_ID
P12314,DB00028
P01031,DB00028
O75015,DB00028
P08637,DB00028
P12318,DB00028
P31994,DB00028
P31995,DB00028
P01024,DB00028
Q92637,DB00028
P0C0L4,DB00028
P0C0L5,DB00028
Q9NYK1,DB01611
Q9BYF1,DB01611
Q9NR96,DB01611
Q14289,DB11817
O60674,DB11817
P52333,DB11817
P23458,DB11817
Q9UM07,DB00207
P11473,DB00169
O75311,DB00602
P28472,DB00602
P14902,DB00435
P33402,DB00435
P04731,DB00435
Q12809,DB01211
P0A7J6,DB01211
Q9Y6L6,DB01211
Q9NPD5,DB01211
P30968,DB06699
P00742,DB01109
P01008,DB01109
P08620,DB01109
P05230,DB01109
P21802,DB01109
P09038,DB01109
P14210,DB01109
P02776,DB01109
P16109,DB01109
P22455,DB01109
P11362,DB01109
O95750,DB01109
P25021,DB00863
P22303,DB00863
P28702,DB00755
P13631,DB00755
P10826,DB00755
P02753,DB00755
P19793,DB00755
O94788,DB00755
P00352,DB00755
P49788,DB00755
P10276,DB00755
Q8NFJ5,DB00755
P48443,DB00755
O60760,DB00755
O43174,DB00755
Q16654,DB00755
P31025,DB00755
Q9NY56,DB00755
Q6V0L0,DB00755
Q9NR63,DB00755
P04626,DB00072
P04626,DB06366
P35228,DB01234
P51843,DB01234
P04083,DB01234
P04150,DB01234
O75469,DB01234
P00519,DB00619
P09619,DB00619
P10721,DB00619
P16234,DB00619
P07333,DB00619
P04629,DB00619
O43519,DB00619
Q08345,DB00619
P11274,DB00619
P00742,DB06228
P00742,DB01225
P01008,DB01225
P04083,DB00959
P04150,DB00959
Q72874,DB01601
O75469,DB00503
Q72874,DB00503
P08887,DB06273
P0A3M6,DB00319
Q7CRA4,DB00319
Q75Y35,DB00319
Q8DNB6,DB00319
P62594,DB01606
P0AD63,DB01606
P18251,DB01606
P30556,DB00966
P37231,DB00966
P30556,DB00876
P30556,DB01029
P05412,DB01029
P30556,DB13919
P30556,DB11842
P30556,DB00678
P30556,DB00275
P30556,DB00177
P31639,DB06292
P24530,DB06403
P25101,DB06403
Q809M3,DB12466
P49069,DB00091
P62937,DB00091
P30405,DB00091
Q96LZ3,DB00091
P94692,DB00507
P16502,DB00811
P02768,DB00811
P26676,DB00811
P12268,DB00811
P20839,DB00811
P06730,DB00811
P12823,DB00811
P20839,DB00811
P12268,DB00811
P19525,DB00811
P0C6X7,DB00811
P0C6X7,DB00811
P0DTC1,DB00811
P07437,DB01394
O76074,DB00975
Q9Y233,DB00975
P02763,DB00975
P27815,DB00975
P00813,DB00975
P53805,DB00975
P01031,DB11580
P00747,DB00302
O60674,DB08895
P52333,DB08895
P23458,DB08895
P29597,DB08895
P05067,DB00746
Q12809,DB00675
P03372,DB00675
P10275,DB00675
P04278,DB00675
Q92731,DB00675
O75469,DB00675
P62508,DB00675
P45983,DB00675
Q15125,DB00675
P17252,DB00675
P05771,DB00675
Q05655,DB00675
Q02156,DB00675
P05129,DB00675
P41743,DB00675
Q04759,DB00675
Q05513,DB00675
P13631,DB00982
P10276,DB00982
P25021,DB00927
P09917,DB00471
Q9Y271,DB00471
P08588,DB01001
P07550,DB01001
P13945,DB01001
P08588,DB01001
P07550,DB01001
P13945,DB01001
P04926,DB09274
Q8NER1,DB06515
P11473,DB00146
P01178,DB00107
P30559,DB00107
P12314,DB11767
O75015,DB11767
P08637,DB11767
P12318,DB11767
P31994,DB11767
P08887,DB11767
P48551,DB00060
P17181,DB00060
P10696,DB00848
P32297,DB00848
Q23022,DB00848
Q9N587,DB00848
Q27218,DB00848
P48181,DB00848
Q05586,DB08954
Q13224,DB08954
P01375,DB00608
P09488,DB00608
Q9BYF1,DB00608
Q9NR96,DB00608
P09210,DB00608
Q8MU52,DB00608
P09429,DB00608
P23219,DB01050
Q07869,DB01050
P37231,DB01050
P10415,DB01050
P35354,DB01050
P07359,DB01050
P07204,DB01050
P13569,DB01050
P12104,DB01050
P31151,DB01050
P04626,DB15035
P00533,DB15035
P06239,DB15035
Q06187,DB15035
Q08881,DB15035
O60674,DB15035
P52333,DB15035
Q13882,DB15035
P42685,DB15035
Q15303,DB15035
P09769,DB15035
P42680,DB15035
P42681,DB15035
P51451,DB15035
P51813,DB15035
P04150,DB01410
Q06187,DB11703
P04035,DB01076
P27487,DB01076
Q92769,DB01076
P35869,DB01076
Q14994,DB01076
P48551,DB00105
P17181,DB00105
P17181,DB05258
P98194,DB01373
P19801,DB01373
P0DP23,DB01373
Q13936,DB01373
Q99584,DB01373
P49747,DB01373
P20810,DB01373
P63316,DB01373
P00450,DB01373
P04271,DB01373
P02585,DB01373
P29034,DB01373
P05187,DB01373
Q01082,DB01373
O75340,DB01373
P08493,DB01373
Q8TAB3,DB01373
P05109,DB01373
P06702,DB01373
P12644,DB01373
P00734,DB01593
P14780,DB01593
P03372,DB01593
P08700,DB01593
P69905,DB01593
P45381,DB01593
P08185,DB01593
P02766,DB01593
P23415,DB01593
P02787,DB01593
P02671,DB01593
P01619,DB01593
P68871,DB01593
P04278,DB01593
O14556,DB01593
P05546,DB01593
P01031,DB01593
P01023,DB01593
P02652,DB01593
P27169,DB01593
P01009,DB01593
Q00987,DB01593
P01042,DB01593
P01019,DB01593
P04004,DB01593
P02649,DB01593
P00450,DB01593
P16455,DB01593
P02751,DB01593
P02743,DB01593
P09871,DB01593
Q9BY41,DB01593
P04075,DB01593
P00751,DB01593
P09874,DB01593
P00736,DB01593
P02746,DB01593
P02747,DB01593
Q13547,DB01593
P00441,DB01593
P03952,DB01593
P07237,DB01593
P15531,DB01593
P07360,DB01593
P04637,DB01593
P05067,DB01593
P02647,DB01593
P01024,DB01593
P01308,DB01593
P15169,DB01593
P22792,DB01593
P56524,DB01593
P29034,DB01593
P19652,DB01593
P31151,DB01593
P60174,DB01593
P06396,DB01593
P68104,DB01593
P49411,DB01593
P78330,DB01593
Q96PD5,DB01593
P00748,DB01593
P0C0L5,DB01593
P04731,DB01593
P02795,DB01593
P01876,DB01593
P01871,DB01593
P49908,DB01593
Q8N907,DB01593
P25713,DB01593
P06733,DB01593
O75340,DB01593
O14618,DB01593
P46663,DB01593
P04279,DB01593
O15304,DB01593
P46939,DB01593
Q06830,DB01593
Q0VD83,DB01593
P29372,DB01593
P05109,DB01593
P30101,DB01593
P06702,DB01593
O15350,DB01593
P04217,DB01593
P02765,DB01593
P06727,DB01593
P04003,DB01593
P07358,DB01593
P08603,DB01593
P05156,DB01593
P10909,DB01593
P00739,DB01593
P35858,DB01593
P19823,DB01593
P04264,DB01593
P13645,DB01593
P35908,DB01593
P35527,DB01593
P29622,DB01593
O14791,DB01593
P20851,DB01593
P46736,DB01593
P07357,DB01593
P81605,DB01593
P15924,DB01593
P05160,DB01593
O75636,DB01593
Q86YZ3,DB01593
P01599,DB01593
P80748,DB01593
P19827,DB01593
Q06033,DB01593
Q14624,DB01593
P01591,DB01593
P14923,DB01593
P02533,DB01593
P08779,DB01593
P13647,DB01593
P02538,DB01593
P20742,DB01593
P01011,DB01593
P51693,DB01593
Q06481,DB01593
O60674,DB08877
P23458,DB08877
Q12809,DB00472
P28335,DB00472
Q15822,DB00472
P31645,DB00472
P30926,DB00472
P32297,DB00472
P61024,DB00472
P29475,DB09241
P33402,DB09241
Q06187,DB09053
P62942,DB00877
P09038,DB00877
P42345,DB00877
P04083,DB01222
P04150,DB01222
Q9UPY5,DB06151
P48637,DB06151
Q05586,DB06151
O15399,DB06151
Q13224,DB06151
Q03154,DB06151
Q8TCU5,DB06151
Q12879,DB06151
O14920,DB06151
O15111,DB06151
P10275,DB01128
P41143,DB12668
P35372,DB12668
Q9Y5Y6,DB13729
P07477,DB13729
O15393,DB13729
P06307,DB13729
Q9BYE2,DB13729
O60235,DB13729
Q9UL52,DB13729
Q6ZWK6,DB13729
P01008,DB08813
P01100,DB08813
P16109,DB08813
P01106,DB08813
P15692,DB06779
P01008,DB06779
P10646,DB06779
P16109,DB06779
P01008,DB06822
P13612,DB06822
P48061,DB06822
P48736,DB11952
O00329,DB11952
Q13936,DB00343
Q06432,DB00343
P27487,DB08882
P02792,DB02285
P11485,DB00198
Q99519,DB00198
Q9Y3R4,DB00198
P13674,DB00126
Q02809,DB00126
P09172,DB00126
P24300,DB00126
Q54873,DB00126
O14832,DB00126
O00469,DB00126
O60568,DB00126
O75936,DB00126
P19021,DB00126
Q32P28,DB00126
Q6N063,DB00126
Q6NS38,DB00126
Q8IVL5,DB00126
Q8IVL6,DB00126
Q8N543,DB00126
Q96KS0,DB00126
Q96Q83,DB00126
Q9BY66,DB00126
Q9GZT9,DB00126
Q9H6Z9,DB00126
Q9NVH6,DB00126
Q9NXG6,DB00126
Q9Y600,DB00151
Q9Y697,DB00151
P48506,DB00151
P48637,DB00151
P35520,DB00151
P00505,DB00151
P17174,DB00151
Q16878,DB00151
P48507,DB00151
P49589,DB00151
P32929,DB00151
P16455,DB00151
Q9HA77,DB00151
P23219,DB00945
Q04828,DB00945
P35354,DB00945
P29466,DB00945
P25101,DB00945
P24385,DB00945
P11021,DB00945
O14920,DB00945
P42574,DB00945
P04637,DB00945
P25963,DB00945
P01106,DB00945
P51812,DB00945
Q13131,DB00945
P54646,DB00945
Q9Y478,DB00945
O43741,DB00945
P54619,DB00945
Q9UGJ0,DB00945
Q9UGI9,DB00945
P98066,DB00945
P12004,DB00945
P28482,DB00945
Q8TD08,DB00945
P27361,DB00945
P31152,DB00945
Q16659,DB00945
Q13164,DB00945
P00742,DB00569
P01008,DB00569
P08514,DB00775
P05106,DB00775
Q9H244,DB00758
P21728,DB00477
P20309,DB00477
Q12809,DB00477
P11229,DB00477
P21918,DB00477
Q9H3N8,DB00477
P08908,DB00477
P21917,DB00477
P0DP23,DB00477
P35367,DB00477
P28223,DB00477
P35348,DB00477
P28335,DB00477
P35368,DB00477
P35462,DB00477
P34969,DB00477
P14416,DB00477
P50406,DB00477
P17405,DB00477
P35348,DB00477
P35368,DB00477
P25100,DB00477
P08913,DB00477
P18089,DB00477
P18825,DB00477
P02763,DB00477
P19652,DB00477
P28223,DB00477
P41595,DB00477
P28335,DB00477
P21728,DB00477
P21918,DB00477
P14778,DB00026
P04083,DB00741
P04150,DB00741
P12821,DB00178
P46663,DB00178
P29475,DB01221
P46098,DB01221
P25103,DB01221
P41143,DB01221
P23975,DB01221
P41145,DB01221
Q8TCU5,DB01221
P14416,DB01221
P35372,DB01221
P06276,DB01221
Q693P7,DB01221
P11229,DB01221
P08172,DB01221
P20309,DB01221
P08173,DB01221
P08912,DB01221
P28223,DB01221
P41595,DB01221
P28335,DB01221
P08908,DB01221
P28222,DB01221
P28221,DB01221
P28566,DB01221
P30939,DB01221
Q5T1J1,DB00704
P41143,DB00704
P41145,DB00704
P35372,DB00704
P0C6X7,DB14761
Q05318,DB14761
P0C6X7,DB14761
P0C6X7,DB14761
P27487,DB01261
Q12809,DB00457
P08913,DB00457
P35348,DB00457
P18089,DB00457
P35368,DB00457
P25100,DB00457
P35348,DB00457
P35368,DB00457
P25100,DB00457
P01584,DB06168
P03372,DB00396
P10275,DB00396
P05093,DB00396
P06401,DB00396
P41145,DB00396
P08235,DB00396
P04278,DB00396
Q92731,DB00396
P04150,DB00396
P02763,DB00396
Q8L103,DB01060
P35354,DB00480
P33151,DB00480
O14788,DB00480
Q96SW2,DB00480
Q02127,DB01097
Q14289,DB01097
P35869,DB01097
P98194,DB01236
P23415,DB01236
P03886,DB01236
P42261,DB01236
P14867,DB01236
P14867,DB01236
P47869,DB01236
P34903,DB01236
P48169,DB01236
P31644,DB01236
Q16445,DB01236
P18505,DB01236
P47870,DB01236
P28472,DB01236
O14764,DB01236
P78334,DB01236
Q8N1C3,DB01236
P18507,DB01236
Q99928,DB01236
O00591,DB01236
Q9UN88,DB01236
Q96ER9,DB01236
Q99250,DB00818
P35499,DB00818
P28472,DB00818
P47870,DB00818
P14867,DB00818
P47869,DB00818
P34903,DB00818
P48169,DB00818
P31644,DB00818
Q16445,DB00818
P18505,DB00818
P47870,DB00818
P28472,DB00818
O14764,DB00818
P78334,DB00818
Q8N1C3,DB00818
P18507,DB00818
Q99928,DB00818
O00591,DB00818
Q9UN88,DB00818
P04150,DB00635
P03372,DB00783
Q92731,DB00783
P43681,DB00783
O75469,DB00783
Q99527,DB00783
P00846,DB00783
Q14457,DB00783
P08913,DB00633
P00747,DB00009
P05121,DB00009
P02671,DB00009
Q03405,DB00009
P05023,DB01430
P0ABQ4,DB00440
P0AC13,DB01015
P11388,DB00773
Q02880,DB00773
Q15116,DB09035
O14980,DB11942
P01031,DB01257
P14780,DB01197
P12821,DB01197
P08253,DB01197
P09960,DB01197
P46663,DB01197
P14207,DB00158
P41439,DB00158
P15328,DB00158
P03372,DB01065
P16083,DB01065
P49286,DB01065
P0DP23,DB01065
P48039,DB01065
P05164,DB01065
P27797,DB01065
P46597,DB01065
Q92753,DB01065
P11678,DB01065
P35398,DB01065
P25713,DB01065
P25713,DB01065
Q13585,DB01065
Q42478,DB01065
P04818,DB00563
P00374,DB00563
P31939,DB00563
P00734,DB12598
P00742,DB12598
P05362,DB12598
P06870,DB12598
P07477,DB12598
P00748,DB12598
Q12809,DB00661
O00555,DB00661
Q13936,DB00661
O43497,DB00661
P35348,DB00661
P35368,DB00661
Q14654,DB00661
P25100,DB00661
P31645,DB00661
O95180,DB00661
Q00975,DB00661
Q9P0X4,DB01118
Q07869,DB01118
P37231,DB01118
P08588,DB01118
P07550,DB01118
P13945,DB01118
Q12809,DB01118
Q9H252,DB01118
Q9NS40,DB01118
Q13936,DB01118
Q01668,DB01118
O60840,DB01118
Q13698,DB01118
Q02641,DB01118
Q08289,DB01118
P54284,DB01118
O00305,DB01118
P10827,DB01118
P10828,DB01118
Q86YN6,DB01118
P20648,DB00736
O94760,DB00736
P15509,DB05386
Q16498,DB05386
P03436,DB13609
P48551,DB00068
P17181,DB00068
P16083,DB01087
P08729,DB01087
Q2G0P0,DB01190
P95029,DB00339
P20701,DB00641
P04035,DB00641
Q92769,DB00641
P10828,DB00279
P10827,DB00279
P12004,DB00279
P30542,DB04932
P29275,DB04932
P29274,DB04932
P51681,DB05941
P29274,DB00358
Q16602,DB15688
P10275,DB00421
P05093,DB00421
P06401,DB00421
P08235,DB00421
P04278,DB00421
P04150,DB00421
O75469,DB00421
P19099,DB00421
P18405,DB00421
P31213,DB00421
Q9H8P0,DB00421
Q06432,DB00421
Q9Y698,DB00421
O60359,DB00421
Q9UBN1,DB00421
Q9UF02,DB00421
Q9BXT2,DB00421
P62955,DB00421
Q8WXS5,DB00421
P54289,DB00421
Q9NY47,DB00421
Q8IZS8,DB00421
Q7Z3S7,DB00421
Q13936,DB00421
Q01668,DB00421
O60840,DB00421
Q13698,DB00421
Q02641,DB00421
Q08289,DB00421
P54284,DB00421
O00305,DB00421
Q00975,DB00421
O00555,DB00421
Q15878,DB00421
O43497,DB00421
O95180,DB00421
Q9P0X4,DB00421
P12821,DB00584
P26664,DB11779
P15692,DB00112
P12314,DB00112
P02745,DB00112
P02746,DB00112
P02747,DB00112
P08637,DB00112
P12318,DB00112
P31994,DB00112
P31995,DB00112
P23219,DB00328
Q07869,DB00328
P37231,DB00328
P35354,DB00328
P42330,DB00328
Q04760,DB00328
P14555,DB00328
Q8N8N7,DB00328
Q9Y5Y4,DB00328
Q92911,DB05382
P22303,DB00545
P02768,DB00545
P06276,DB00545
P17931,DB04465
P00722,DB04465
Q9NZD2,DB04465
Q02834,DB04465
P26514,DB04465
Q7SI98,DB04465
Q7Z4J2,DB04465
P16278,DB04465
Q12809,DB00176
P31645,DB00176
P62942,DB00864
Q02127,DB01117
Q08210,DB01117
Q02768,DB01117
P35916,DB09079
P17948,DB09079
P36888,DB09079
P09619,DB09079
P35968,DB09079
P21802,DB09079
P12931,DB09079
P06239,DB09079
P16234,DB09079
P11362,DB09079
P22607,DB09079
P07948,DB09079
Q15116,DB09037
P23219,DB00159
Q07869,DB00159
P37231,DB00159
P35354,DB00159
O14842,DB00159
O60427,DB00159
P32418,DB00159
O60488,DB00159
Q03181,DB00159
Q8NER1,DB00159
Q72547,DB00879
P24024,DB00300
Q72547,DB00300
P0DMS8,DB05511
P20648,DB00338
P35869,DB00338
P46098,DB01043
Q05586,DB01043
P14416,DB01043
Q693P7,DB01043
P14867,DB01043
P47869,DB01043
P34903,DB01043
P48169,DB01043
P31644,DB01043
Q16445,DB01043
P18505,DB01043
P47870,DB01043
P28472,DB01043
O14764,DB01043
P78334,DB01043
Q8N1C3,DB01043
P18507,DB01043
Q99928,DB01043
O00591,DB01043
Q9UN88,DB01043
Q05586,DB01043
Q12879,DB01043
Q13224,DB01043
Q14957,DB01043
O15399,DB01043
Q8TCU5,DB01043
O60391,DB01043
P23415,DB01043
P23416,DB01043
O75311,DB01043
Q5JXX5,DB01043
P48167,DB01043
P08588,DB00983
P07550,DB00983
P13945,DB00983
P05231,DB09036
Q9P0X4,DB00381
P00915,DB00381
Q02641,DB00381
Q13936,DB00381
P17405,DB00381
Q00975,DB00381
Q8IZS8,DB00381
A0A024R8I1,DB00381
Q00975,DB00381
Q13936,DB01054
P54289,DB01054
O95180,DB01054
Q08289,DB01054
Q13698,DB01054
Q01668,DB01054
Q9NY47,DB01054
P0DP23,DB01023
Q13936,DB01023
P08235,DB01023
P54289,DB01023
O95180,DB01023
P63316,DB01023
Q08289,DB01023
Q13698,DB01023
Q01668,DB01023
Q9NY47,DB01023
Q01064,DB01023
P54750,DB01023
P02585,DB01023
P0DP23,DB01115
Q13936,DB01115
O75469,DB01115
Q08289,DB01115
Q13698,DB01115
Q01668,DB01115
Q9UK17,DB01115
O43497,DB01115
O95180,DB01115
Q9P0X4,DB01115
P20309,DB00622
P11229,DB00622
P08912,DB00622
P08173,DB00622
P0DP23,DB00622
Q13936,DB00622
P35348,DB00622
P08172,DB00622
P35368,DB00622
P54289,DB00622
P25100,DB00622
Q08289,DB00622
Q01668,DB00622
Q01064,DB00622
P54750,DB00622
Q02641,DB00393
Q13936,DB00393
P08235,DB00393
Q08289,DB00393
Q13698,DB00393
O00305,DB00393
O60840,DB00393
P54284,DB00393
Q01668,DB00393
P35869,DB00393
P00915,DB00880
P00918,DB00880
P55017,DB00880
P55017,DB00524
P55017,DB00808
P00915,DB00436
P00918,DB00436
P55017,DB00436
P22748,DB00436
Q12791,DB00436
P55017,DB00999
Q12791,DB00999
P00915,DB00310
Q13621,DB00310
P12821,DB00492
P12821,DB00790
Q6FHJ7,DB00790
P12821,DB00542
P12821,DB00881
P12821,DB00722
P00797,DB00722
P12821,DB00519
P15509,DB00020
P26951,DB00020
P13727,DB00020
P32927,DB00020
P34741,DB00020
P23219,DB00788
P35354,DB00788
Q51911,DB00788
P23219,DB00316
P35354,DB00316
Q8NER1,DB00316
Q15185,DB00316
P17181,DB14999
P01579,DB14724
P08183,DB14066
O76074,DB00203
P18545,DB00203
Q13956,DB00203
Q13547,DB08868
Q9H228,DB08868
P21453,DB08868
Q99500,DB08868
O95977,DB08868
P35354,DB01041
P01375,DB01041
P21802,DB01041
P19838,DB01041
Q96SW2,DB01041
P02763,DB01041
P19652,DB01041
O90777,DB15623
Q72874,DB01264
P36888,DB12141
Q9UM73,DB12141
P08908,DB12141
P28222,DB12141
P28221,DB12141
P28566,DB12141
P30939,DB12141
P28223,DB12141
P41595,DB12141
P28335,DB12141
P46098,DB12141
O95264,DB12141
Q8WXA8,DB12141
Q70Z44,DB12141
A5X5Y0,DB12141
Q13639,DB12141
P50406,DB12141
P34969,DB12141
P30530,DB12141
P06746,DB00987
P08246,DB00099
Q99062,DB00099
P23921,DB01073
P09884,DB01073
P27707,DB01073
Q96NY8,DB13007
P03952,DB14597
P23975,DB01104
Q01959,DB01104
P31645,DB01104
Q7RTT9,DB01104
O00264,DB01104
Q99720,DB01104
P00742,DB13923
P00740,DB13923
P01375,DB00051
P10275,DB08899
P10275,DB08899
P20701,DB01098
P04035,DB01098
P05023,DB00390
P08913,DB01018
P18089,DB01018
P23975,DB00289
P41145,DB00289
P31645,DB00289
P48549,DB00289
Q05586,DB00289
Q12879,DB00289
Q13224,DB00289
Q14957,DB00289
O15399,DB00289
Q8TCU5,DB00289
O60391,DB00289
P06881,DB14041
P10092,DB14041
P20618,DB00188
P28074,DB00188
P16410,DB06186
P26358,DB00928
Q05940,DB12161
Q9NZQ7,DB11595
P30542,DB00806
P29274,DB00806
P21589,DB00806
P00451,DB00100
P00734,DB00100
P00742,DB00100
P08709,DB00100
P38435,DB00100
P03951,DB00100
Q07954,DB00100
P41972,DB00410
P35228,DB01017
P0A7V8,DB01017
P14780,DB01017
P0A7X3,DB01017
P15692,DB01017
P09917,DB01017
P29466,DB01017
P99999,DB01017
P01584,DB01017
P42574,DB01017
P28482,DB01017
P53779,DB01017
Q15759,DB01017
P53778,DB01017
O15264,DB01017
Q16539,DB01017
Q8TD08,DB01017
P27361,DB01017
P31152,DB01017
Q16659,DB01017
Q13164,DB01017
P45983,DB01017
P45984,DB01017
P35354,DB08910
P01375,DB08910
Q96SW2,DB08910
P29460,DB14762
Q9NPF7,DB14762
Q03431,DB05829
P49190,DB05829
P02787,DB00515
P01023,DB00515
O00244,DB00515
P29372,DB00515
Q01718,DB01285
P06850,DB01285
P12268,DB00688
P20839,DB00688
Q03393,DB00688
P00451,DB12872
P02452,DB12872
P00451,DB13133
P02452,DB13133
P00742,DB00025
P00740,DB00025
P27824,DB00025
P04275,DB00025
P11021,DB00025
P27797,DB00025
Q07954,DB00025
O14832,DB00025
P07307,DB00025
P49257,DB00025
Q8NI22,DB00025
P14784,DB00074
P01589,DB00074
P21695,DB00331
Q9Y478,DB00331
Q16134,DB00331
Q9P0X4,DB00909
P35498,DB00909
Q9UI33,DB00909
Q14524,DB00909
P00915,DB00909
P00918,DB00909
O43497,DB00909
P22748,DB00909
O95180,DB00909
Q15858,DB00909
O43570,DB00909
Q99250,DB00909
Q9NY46,DB00909
P35499,DB00909
P27338,DB00909
P21397,DB00909
Q16790,DB00909
P07451,DB00909
P35218,DB00909
Q9Y2D0,DB00909
P23280,DB00909
P43166,DB00909
P35219,DB00909
Q9NS85,DB00909
O75493,DB00909
Q8N1Q1,DB00909
Q9ULX7,DB00909
Q07699,DB00909
O60939,DB00909
Q9NY72,DB00909
Q8IWT1,DB00909
P00488,DB13151
P00451,DB13151
P12259,DB13151
P00734,DB13151
P00742,DB13151
P08709,DB13151
P02671,DB13151
P02675,DB13151
Q18BX5,DB08874
P04275,DB09329
P01137,DB06205
P11388,DB01177
Q72874,DB01072
P11473,DB11094
P02774,DB11094
Q07869,DB01039
O75469,DB01039
Q9NPA2,DB01039
Q07869,DB01393
P28702,DB01393
P37231,DB01393
P19793,DB01393
P48443,DB01393
O75469,DB01393
Q03181,DB01393
P25021,DB00501
P11310,DB02910
P42126,DB02910
P30084,DB02910
P29475,DB03147
P06149,DB03147
P00387,DB03147
P16083,DB03147
P06715,DB03147
Q16795,DB03147
P26440,DB03147
Q9UKU7,DB03147
P00390,DB03147
P09622,DB03147
P16219,DB03147
Q12882,DB03147
O95831,DB03147
P15559,DB03147
P22637,DB03147
P40859,DB03147
P37063,DB03147
P9WIQ3,DB03147
Q9WYT0,DB03147
P83223,DB03147
P00438,DB03147
P20586,DB03147
P12676,DB03147
P28593,DB03147
O31616,DB03147
P39662,DB03147
P37747,DB03147
P11310,DB03147
Q56839,DB03147
P09546,DB03147
Q92947,DB03147
P42593,DB03147
P61497,DB03147
Q16881,DB03147
P0C278,DB03147
P0AEZ1,DB03147
P0A9P4,DB03147
P27338,DB03147
P21397,DB03147
P47989,DB03147
P16435,DB03147
Q52437,DB03147
P37062,DB03147
P09063,DB03147
Q9LAG2,DB03147
Q7SID9,DB03147
Q9Z4P0,DB03147
P24232,DB03147
Q06319,DB03147
Q9AGP8,DB03147
P21890,DB03147
P38038,DB03147
Q44532,DB03147
P18925,DB03147
Q888A4,DB03147
P00914,DB03147
P05327,DB03147
P10902,DB03147
P77967,DB03147
P08373,DB03147
P61432,DB03147
Q9RA47,DB03147
P16640,DB03147
P9WHH7,DB03147
P9WIQ1,DB03147
P55792,DB03147
P09788,DB03147
P19480,DB03147
Q51225,DB03147
Q94655,DB03147
Q47PU3,DB03147
P07771,DB03147
Q72JJ3,DB03147
Q9KIE5,DB03147
P14218,DB03147
P35340,DB03147
P58558,DB03147
P28861,DB03147
Q9RC23,DB03147
Q15067,DB03147
P14920,DB03147
P22570,DB03147
Q9UHQ9,DB03147
Q96RQ9,DB03147
Q86YB8,DB03147
P55789,DB03147
P11310,DB03415
P00742,DB00036
P08709,DB00036
P38435,DB00036
P10646,DB00036
P13726,DB00036
P00451,DB00055
P12259,DB00055
P00734,DB00055
P05121,DB00055
P07225,DB00055
P02776,DB00055
P07204,DB00055
Q9UNN8,DB00055
P05154,DB00055
P35237,DB00055
Q9UI32,DB00142
Q9UPY5,DB00142
Q9UDR5,DB00142
P48506,DB00142
P00367,DB00142
P07814,DB00142
P08243,DB00142
P80404,DB00142
P49915,DB00142
P39086,DB00142
Q05586,DB00142
Q99259,DB00142
P00505,DB00142
O15399,DB00142
P38435,DB00142
Q13224,DB00142
Q14957,DB00142
P54687,DB00142
P17174,DB00142
Q04609,DB00142
Q05329,DB00142
Q9Y617,DB00142
P48507,DB00142
P42261,DB00142
Q8TCU5,DB00142
P24298,DB00142
P17735,DB00142
Q05932,DB00142
O15382,DB00142
Q8N5Z0,DB00142
P49448,DB00142
Q12879,DB00142
O95954,DB00142
P54886,DB00142
Q13255,DB00142
O94925,DB00142
Q13002,DB00142
Q16099,DB00142
Q16478,DB00142
P42262,DB00142
P48058,DB00142
P42263,DB00142
Q13003,DB00142
Q14833,DB00142
Q14831,DB00142
O00222,DB00142
P43004,DB00142
P43005,DB00142
P43003,DB00142
Q2TU84,DB00142
Q8TD30,DB00142
O15067,DB00142
P15104,DB00142
Q6IA69,DB00142
O00341,DB00142
O14841,DB00142
P48664,DB00142
Q07075,DB00142
Q5JPH6,DB00142
Q8N159,DB00142
Q9ULA0,DB00142
Q9Y646,DB00142
P00734,DB00170
P16083,DB00170
P00740,DB00170
P04070,DB00170
P38435,DB00170
Q9BQB6,DB00170
P02818,DB00170
P07225,DB00170
P15559,DB00170
Q8N0U8,DB00170
P38435,DB01022
P02818,DB01022
P38435,DB01125
P00734,DB09332
P00742,DB09332
P08709,DB09332
P00740,DB09332
P04070,DB09332
P38435,DB09332
P07225,DB09332
P00451,DB13152
P00734,DB13152
P00742,DB13152
P08709,DB13152
P38435,DB13152
P03951,DB13152
Q07954,DB13152
P14324,DB00630
P29074,DB00630
Q13332,DB00630
P23469,DB00630
P38606,DB00630
P12235,DB01077
P12236,DB01077
P05141,DB01077
Q13332,DB01077
P38606,DB01077
P23469,DB01133
Q05209,DB01133
P29350,DB01133
Q93050,DB01133
Q9Y487,DB01133
Q13488,DB01133
Q9HBG4,DB01133
P27449,DB01133
Q99437,DB01133
P38606,DB01133
P21281,DB01133
P15313,DB01133
P21283,DB01133
Q8NEY4,DB01133
Q9Y5K8,DB01133
P61421,DB01133
Q8N8Y2,DB01133
O15342,DB01133
P36543,DB01133
Q96A05,DB01133
Q8NHE4,DB01133
Q16864,DB01133
O75348,DB01133
O95670,DB01133
Q96LB4,DB01133
Q9UI12,DB01133
Q15904,DB01133
P38606,DB06733
P38606,DB06734
P00519,DB12010
P35916,DB12010
P17948,DB12010
P06213,DB12010
P04049,DB12010
P36888,DB12010
O76074,DB12010
P09619,DB12010
P09917,DB12010
Q04771,DB12010
P0DMS8,DB12010
Q9UM73,DB12010
P35968,DB12010
P42684,DB12010
Q96Q40,DB12010
P10721,DB12010
P04626,DB12010
P15056,DB12010
P36896,DB12010
Q13131,DB12010
P21802,DB12010
P00533,DB12010
Q07912,DB12010
P12931,DB12010
P06241,DB12010
P07947,DB12010
P29317,DB12010
P06239,DB12010
P16234,DB12010
P07333,DB12010
Q14289,DB12010
P08581,DB12010
O14965,DB12010
Q16539,DB12010
P04629,DB12010
P49841,DB12010
P06493,DB12010
P53779,DB12010
Q08345,DB12010
O14920,DB12010
O15530,DB12010
Q99808,DB12010
P68400,DB12010
P11309,DB12010
Q06187,DB12010
P43403,DB12010
P48736,DB12010
P43405,DB12010
Q08881,DB12010
P41240,DB12010
Q04759,DB12010
P08631,DB12010
P9WI81,DB12010
P25774,DB12010
P53355,DB12010
P49759,DB12010
P37173,DB12010
P11362,DB12010
P22607,DB12010
P07711,DB12010
O00519,DB12010
P11802,DB12010
P42345,DB12010
O00329,DB12010
O60674,DB12010
P07949,DB12010
Q05655,DB12010
P54760,DB12010
O14936,DB12010
Q05397,DB12010
P30291,DB12010
Q02763,DB12010
O96017,DB12010
O14757,DB12010
O15264,DB12010
Q96GD4,DB12010
Q13233,DB12010
Q02156,DB12010
P52333,DB12010
P22309,DB12010
Q16620,DB12010
P53350,DB12010
P17612,DB12010
P45984,DB12010
P36897,DB12010
O43293,DB12010
P33981,DB12010
Q13554,DB12010
P51955,DB12010
O75460,DB12010
P41743,DB12010
P19784,DB12010
Q13627,DB12010
Q9H2G2,DB12010
P49761,DB12010
Q9UQM7,DB12010
Q00536,DB12010
Q13557,DB12010
Q9P289,DB12010
Q15375,DB12010
P23458,DB12010
P29597,DB12010
Q96NX5,DB12010
O75116,DB12010
Q12866,DB12010
Q15418,DB12010
P07948,DB12010
Q8IU85,DB12010
O94768,DB12010
Q9NWZ3,DB12010
Q13555,DB12010
P80192,DB12010
P22694,DB12010
P29323,DB12010
Q9UQB9,DB12010
Q9UL54,DB12010
Q13882,DB12010
Q16832,DB12010
P42685,DB12010
P36507,DB12010
Q9Y2U5,DB12010
P57059,DB12010
Q8NG66,DB12010
P53667,DB12010
Q15303,DB12010
P51812,DB12010
Q13131,DB12010
P54646,DB12010
Q9Y478,DB12010
O43741,DB12010
P54619,DB12010
Q9UGJ0,DB12010
Q9UGI9,DB12010
Q9H1R3,DB12010
P09769,DB12010
P54756,DB12010
Q9NYL2,DB12010
Q99870,DB12010
Q13873,DB12010
P62344,DB12010
Q9UK32,DB12010
Q8NI60,DB12010
Q8IY84,DB12010
Q9Y6E0,DB12010
Q13188,DB12010
P42680,DB12010
Q9BYT3,DB12010
Q8TDR2,DB12010
Q9NRP7,DB12010
Q15208,DB12010
Q9Y2H1,DB12010
Q9UEW8,DB12010
Q7L7X3,DB12010
Q9H2K8,DB12010
Q9UHD2,DB12010
Q15569,DB12010
P35590,DB12010
Q9UKI8,DB12010
Q86UE8,DB12010
Q9UKE5,DB12010
Q13470,DB12010
Q59H18,DB12010
Q9BXA7,DB12010
P42681,DB12010
Q06418,DB12010
O75385,DB12010
Q8IYT8,DB12010
Q6PHR2,DB12010
Q56UN5,DB12010
Q2M2I8,DB12010
Q96D53,DB12010
Q8NFD2,DB12010
P30530,DB12010
P51451,DB12010
Q9NSY1,DB12010
O00238,DB12010
P51813,DB12010
Q14012,DB12010
Q8N5S9,DB12010
Q96RR4,DB12010
P07498,DB12010
Q6DT37,DB12010
Q00532,DB12010
Q92772,DB12010
O14578,DB12010
P49760,DB12010
Q9HAZ1,DB12010
P48729,DB12010
Q9UIK4,DB12010
O15075,DB12010
Q8N568,DB12010
Q9C098,DB12010
Q9Y463,DB12010
Q9BQI3,DB12010
P19525,DB12010
Q9P2K8,DB12010
P21709,DB12010
P29320,DB12010
P54764,DB12010
Q9UF33,DB12010
P29322,DB12010
P54762,DB12010
O15197,DB12010
P16591,DB12010
P07332,DB12010
O14976,DB12010
P49840,DB12010
Q9H2X6,DB12010
Q9H422,DB12010
Q9UPZ9,DB12010
Q14164,DB12010
P14616,DB12010
P51617,DB12010
Q9Y616,DB12010
Q9Y2K2,DB12010
O95835,DB12010
P53671,DB12010
Q5S007,DB12010
P29376,DB12010
P46734,DB12010
Q13163,DB12010
P52564,DB12010
Q02779,DB12010
Q16584,DB12010
Q12852,DB12010
O43283,DB12010
Q6ZN16,DB12010
Q99759,DB12010
Q9Y6R4,DB12010
O95382,DB12010
Q92918,DB12010
Q12851,DB12010
Q8IVH8,DB12010
O95819,DB12010
Q9Y4K4,DB12010
Q8TD08,DB12010
P31152,DB12010
Q13164,DB12010
Q8IW41,DB12010
Q9P0L2,DB12010
Q7KZI7,DB12010
P27448,DB12010
Q96L34,DB12010
Q7Z460,DB12010
Q9Y2H9,DB12010
P42679,DB12010
Q14680,DB12010
Q8N4C8,DB12010
Q9BUB5,DB12010
Q9HBH9,DB12010
Q04912,DB12010
O15146,DB12010
Q15746,DB12010
Q32MK0,DB12010
Q86YV6,DB12010
Q8NEV4,DB12010
Q96PY6,DB12010
P51956,DB12010
P51957,DB12010
Q6P3R8,DB12010
Q8TD19,DB12010
Q16288,DB12010
O60285,DB12010
Q9H093,DB12010
O95747,DB12010
Q13153,DB12010
Q13177,DB12010
O75914,DB12010
O96013,DB12010
Q9NQU5,DB12010
Q9P286,DB12010
Q00537,DB12010
Q16816,DB12010
Q9UBF8,DB12010
O00750,DB12010
O75747,DB12010
Q86V86,DB12010
P78356,DB12010
Q8TBX8,DB12010
Q99640,DB12010
Q16512,DB12010
Q16513,DB12010
Q9NYY3,DB12010
Q9H4B4,DB12010
O00444,DB12010
Q15139,DB12010
Q13237,DB12010
Q13523,DB12010
Q9BRS2,DB12010
Q9BVS4,DB12010
O14730,DB12010
Q13546,DB12010
O43353,DB12010
P57078,DB12010
P08922,DB12010
Q52WX2,DB12010
P0C264,DB12010
Q96BR1,DB12010
Q9H0K1,DB12010
Q9NRH2,DB12010
Q9H3Y6,DB12010
O94804,DB12010
O75716,DB12010
Q9UEE5,DB12010
Q8WU08,DB12010
P05129,DB12010
P26639,DB00156
Q9BW92,DB00156
P37059,DB00157
Q13423,DB00157
P11766,DB00157
P48728,DB00157
P50213,DB00157
P56181,DB00157
Q9UBM7,DB00157
O00217,DB00157
Q15738,DB00157
P14060,DB00157
P26439,DB00157
P10515,DB00157
P07195,DB00157
Q9UDR5,DB00157
O95299,DB00157
O43920,DB00157
O75380,DB00157
Q15800,DB00157
P11177,DB00157
Q9BYZ2,DB00157
Q04828,DB00157
P31937,DB00157
P80365,DB00157
P05091,DB00157
P49419,DB00157
P19404,DB00157
P23368,DB00157
P07864,DB00157
P51649,DB00157
P00387,DB00157
O43175,DB00157
Q02218,DB00157
O00483,DB00157
O95298,DB00157
Q02338,DB00157
P00367,DB00157
P56937,DB00157
O75489,DB00157
P48448,DB00157
P14061,DB00157
P03897,DB00157
P21695,DB00157
P56556,DB00157
P16083,DB00157
O15239,DB00157
P32322,DB00157
P07327,DB00157
Q02252,DB00157
O43674,DB00157
P30038,DB00157
O96000,DB00157
P14679,DB00157
P40939,DB00157
P13995,DB00157
P03901,DB00157
O43676,DB00157
P49189,DB00157
O95168,DB00157
Q6ZMR3,DB00157
Q00796,DB00157
Q16795,DB00157
O75251,DB00157
O43677,DB00157
Q99714,DB00157
Q9NRX3,DB00157
Q16798,DB00157
P28845,DB00157
P00374,DB00157
P37058,DB00157
O75438,DB00157
P05093,DB00157
P03923,DB00157
O95479,DB00157
P08319,DB00157
P51970,DB00157
O95139,DB00157
Q16836,DB00157
P00325,DB00157
O95182,DB00157
P51659,DB00157
Q02928,DB00157
P00338,DB00157
O95178,DB00157
P17516,DB00157
P43353,DB00157
P00326,DB00157
Q16718,DB00157
P30837,DB00157
P49821,DB00157
P28331,DB00157
O43181,DB00157
P03886,DB00157
P17568,DB00157
O94788,DB00157
P40394,DB00157
Q9P0J0,DB00157
P09417,DB00157
Q86Y39,DB00157
P04406,DB00157
O14561,DB00157
O43678,DB00157
P03905,DB00157
P15428,DB00157
P00352,DB00157
O43837,DB00157
Q16878,DB00157
Q92781,DB00157
P08559,DB00157
P04035,DB00157
Q92506,DB00157
P03915,DB00157
P47895,DB00157
Q08426,DB00157
P30519,DB00157
P40925,DB00157
P42330,DB00157
P30043,DB00157
Q9Y6M9,DB00157
P51648,DB00157
P48163,DB00157
P29803,DB00157
P11586,DB00157
P52895,DB00157
O60701,DB00157
P00390,DB00157
P03891,DB00157
Q13630,DB00157
O95169,DB00157
O95167,DB00157
P30838,DB00157
O14556,DB00157
P12268,DB00157
Q96C36,DB00157
O75306,DB00157
P09601,DB00157
P09622,DB00157
P53004,DB00157
P15121,DB00157
Q9UI09,DB00157
P49448,DB00157
P20839,DB00157
P16219,DB00157
P51553,DB00157
P40926,DB00157
Q9UDR5,DB02338
Q12882,DB02338
P11411,DB02338
Q01782,DB02338
Q07982,DB02338
Q16881,DB02338
Q9UDR5,DB04207
P19784,DB07546
P00519,DB00171
P35626,DB00171
O95477,DB00171
Q9Y4W6,DB00171
Q13564,DB00171
Q09428,DB00171
P08243,DB00171
P49902,DB00171
Q04771,DB00171
Q08828,DB00171
O14727,DB00171
P25098,DB00171
Q9NR19,DB00171
Q9UM73,DB00171
P31749,DB00171
P10398,DB00171
P42684,DB00171
Q96Q40,DB00171
P37023,DB00171
O60706,DB00171
P12235,DB00171
P33121,DB00171
P36896,DB00171
P00966,DB00171
Q16671,DB00171
Q13131,DB00171
O95342,DB00171
Q9NUB1,DB00171
O43681,DB00171
Q07912,DB00171
P33527,DB00171
P08183,DB00171
Q92887,DB00171
P45844,DB00171
O15439,DB00171
P13569,DB00171
P68400,DB00171
P42336,DB00171
P53041,DB00171
O95255,DB00171
P67870,DB00171
Q96G91,DB00171
P03372,DB04216
P16083,DB04216
P04278,DB04216
Q92731,DB04216
O75469,DB04216
Q16678,DB04216
P07900,DB04216
P68400,DB04216
P11309,DB04216
P48736,DB04216
P08631,DB04216
P16152,DB04216
P35869,DB04216
Q5G940,DB04216
P25705,DB04216
P06576,DB04216
P36542,DB04216
Q9AIU0,DB04216
Q6NUS8,DB04216
Q6NVY1,DB04216
O94768,DB04216
P22314,DB04216
P60709,DB04216
P67870,DB04216
P17676,DB04216
O00303,DB04216
P54652,DB04216
Q9Y230,DB04216
Q15393,DB04216
P00491,DB00242
P23921,DB00242
P09884,DB00242
P31350,DB00242
Q7LG56,DB00242
Q07864,DB00242
P56282,DB00242
Q9NR33,DB00242
Q9NRF9,DB00242
P23921,DB00631
P09884,DB00631
P09884,DB01280
Q14181,DB00851
P52209,DB00851
P16118,DB02930
Q59560,DB02930
Q10588,DB02930
P42443,DB02930
P62219,DB02930
Q56148,DB02930
P33221,DB02930
P9WI81,DB02930
P15043,DB02930
Q7BK04,DB02930
P54278,DB02930
P06710,DB02930
P17600,DB02930
O14874,DB02930
P13861,DB05798
P10644,DB05798
P17612,DB01919
P17612,DB01940
P17612,DB02155
P28482,DB02482
O14965,DB02482
P08100,DB02482
Q04759,DB02482
P97084,DB02482
P50613,DB02482
P31949,DB02482
P53778,DB02482
P17612,DB02482
P22694,DB02482
P17612,DB02611
P07477,DB03374
P17612,DB03374
P61925,DB03374
Q9KFR4,DB03374
P33590,DB03374
Q6PHW0,DB03374
P17612,DB04098
P05451,DB04522
P11217,DB04522
O15530,DB04522
P13569,DB04522
P08100,DB04522
P11309,DB04522
P26276,DB04522
Q04759,DB04522
P02974,DB04522
P00634,DB04522
O32723,DB04522
P25924,DB04522
O31465,DB04522
P51584,DB04522
Q03721,DB04522
P07515,DB04522
P17612,DB04522
Q15796,DB04522
P29508,DB04522
Q9UL54,DB04522
P05089,DB04530
P04818,DB04530
Q07343,DB04530
P11309,DB04530
P00722,DB04530
P0A884,DB04530
P39126,DB04530
P36952,DB04530
P0AEX9,DB04530
P0ACB2,DB04530
Q99418,DB04530
P9WH11,DB04530
Q01064,DB04530
P39805,DB04530
P17612,DB04530
O60493,DB04530
Q13464,DB04707
P17612,DB04707
P61925,DB04707
P17612,DB06959
P61925,DB06959
P17612,DB06977
P17612,DB07107
P61925,DB07107
P17612,DB07124
P17612,DB07204
P61925,DB07204
P17612,DB07235
P17612,DB07458
P17612,DB07583
P61925,DB07583
P17612,DB07854
P61925,DB07854
P17612,DB07855
P61925,DB07855
P17612,DB07856
P61925,DB07856
P17612,DB07857
P61925,DB07857
P17612,DB07858
P61925,DB07858
P49841,DB07859
P31751,DB07859
P17612,DB07859
P61925,DB07859
P17612,DB07860
P61925,DB07860
Q13464,DB07876
P17612,DB07876
P61925,DB07876
P49841,DB07947
P31751,DB07947
P17612,DB07947
P61925,DB07947
P17612,DB07995
P61925,DB07995
Q8TF76,DB07995
P17612,DB07996
P61925,DB07996
P17612,DB07997
P61925,DB07997
P17612,DB08070
P61925,DB08070
P49841,DB08073
P31751,DB08073
P17612,DB08073
P61925,DB08073
P17612,DB08113
P61925,DB08113
P17612,DB08114
P61925,DB08114
P17612,DB08148
P61925,DB08148
P17612,DB08149
P61925,DB08149
P17612,DB08150
P61925,DB08150
Q13464,DB08162
P17612,DB08162
P61925,DB08162
O75116,DB08162
P00519,DB08231
Q07869,DB08231
P63098,DB08231
P0DP23,DB08231
P62942,DB08231
P12497,DB08231
P06971,DB08231
O67648,DB08231
P17900,DB08231
P03300,DB08231
P04584,DB08231
O00206,DB08231
O43617,DB08231
P01308,DB08231
Q15788,DB08231
P17612,DB08231
P61925,DB08231
P84077,DB08231
Q82122,DB08231
P23008,DB08231
P41235,DB08231
P02929,DB08231
Q9Y6Y9,DB08231
P03302,DB08231
P12915,DB08231
Q66282,DB08231
P21404,DB08231
P06210,DB08231
O91734,DB08231
P29813,DB08231
P0A8V6,DB08231
O75521,DB08231
P35243,DB08231
P09142,DB08231
P13900,DB08231
P04324,DB08231
Q08209,DB08231
P9WPF1,DB08231
P22055,DB08231
Q71LY2,DB08231
P62330,DB08231
Q72497,DB08231
P43080,DB08231
P9WH69,DB08231
P15151,DB08231
P17612,DB08568
P61925,DB08568
P17612,DB08569
P61925,DB08569
Q13464,DB08756
P17612,DB08756
P61925,DB08756
O75116,DB08756
P00915,DB08846
P00918,DB08846
P22748,DB08846
Q14534,DB08846
P05771,DB08846
P17252,DB08846
P68400,DB08846
P43405,DB08846
O43570,DB08846
Q16790,DB08846
P07451,DB08846
P35218,DB08846
Q9Y2D0,DB08846
P23280,DB08846
P43166,DB08846
Q9ULX7,DB08846
P17612,DB08846
P0ACJ8,DB02527
P94182,DB02527
Q98GN8,DB02527
P10644,DB02527
P31323,DB02527
Q9UL51,DB02527
P23677,DB03401
Q99418,DB03401
Q9Y6I3,DB03401
P51178,DB03401
P35241,DB03401
Q14643,DB03401
Q01082,DB03401
P06280,DB05018
P12268,DB01024
P20839,DB01024
P12268,DB03070
P12268,DB03948
P20839,DB03948
P12268,DB04566
P11217,DB04566
P0A7D4,DB04566
Q83P33,DB04566
P0C0H6,DB04566
P0A9M2,DB04566
Q8N142,DB04566
Q27796,DB04566
P12268,DB06103
P20839,DB06103
P00492,DB01033
Q06203,DB01033
P20839,DB01033
P12268,DB01033
P04406,DB02059
P83844,DB02059
P00438,DB02059
P26397,DB02059
P0A9S1,DB02059
Q84CU3,DB02059
O33199,DB02059
P45799,DB02059
Q9NXA8,DB02059
P13639,DB02059
Q9NTG7,DB02059
P00338,DB02701
Q10588,DB02701
P09874,DB02701
P11439,DB02701
Q9NXA8,DB02701
Q9NXA8,DB03478
P00734,DB04786
P23945,DB04786
P21817,DB04786
P68638,DB04786
P14555,DB04786
P41231,DB04786
Q9NXA8,DB04786
Q96EB6,DB15493
Q9NXA8,DB15493
Q8IXJ6,DB15493
Q08188,DB01864
P9WN95,DB01864
P62330,DB01864
P62491,DB01864
P21980,DB04315
P01112,DB04315
P63000,DB04315
P61586,DB04315
Q08188,DB04315
P9WN95,DB04315
P0A7D4,DB04315
Q54089,DB04315
P51151,DB04315
P60339,DB04315
P32056,DB04315
O07347,DB04315
P13551,DB04315
P38424,DB04315
P10114,DB04315
Q9X1F8,DB04315
Q83JC4,DB04315
Q8N142,DB04315
Q9U8D3,DB04315
P15531,DB04315
P18085,DB04315
O60547,DB04315
Q01698,DB04315
Q26000,DB04315
P22392,DB04315
Q51366,DB04315
Q9X242,DB04315
Q9Y689,DB04315
P84077,DB04315
P11488,DB04315
Q7Z2Z2,DB04315
P62330,DB04315
P13639,DB04315
P15170,DB04315
Q92930,DB04315
P51149,DB04315
P63096,DB04315
P68104,DB04315
P20339,DB04315
P40616,DB04315
P49411,DB04315
P62491,DB04315
P62826,DB04315
P11233,DB04315
Q15382,DB04315
P60953,DB04315
Q96KC2,DB04315
Q9Y6B6,DB04315
Q6NXR0,DB04315
P41091,DB04315
P36405,DB04315
P29475,DB03247
Q9NVS9,DB03247
Q969G6,DB03247
Q02127,DB03247
P30043,DB03247
P17117,DB03247
Q12882,DB03247
P46072,DB03247
P0A7E1,DB03247
P38489,DB03247
P00322,DB03247
P0A2Y7,DB03247
P42593,DB03247
Q53ZE5,DB03247
P0AFI7,DB03247
P16435,DB03247
P71278,DB03247
Q9WZW1,DB03247
Q9FDN7,DB03247
P41407,DB03247
Q56691,DB03247
P00323,DB03247
P55038,DB03247
O69755,DB03247
P63462,DB03247
P30197,DB03247
P56122,DB03247
P0A3D9,DB03247
P10340,DB03247
Q8DW21,DB03247
O34974,DB03247
Q9WXV1,DB03247
P50618,DB03247
P69772,DB03247
P20932,DB03247
O07529,DB03247
Q9ZK53,DB03247
Q01234,DB03247
Q746I8,DB03247
P16099,DB03247
Q9F0J6,DB03247
Q51990,DB03247
Q51793,DB03247
Q9RYU4,DB03247
P61949,DB03247
P50740,DB03247
Q60049,DB03247
Q46604,DB03247
Q81EW9,DB03247
Q96CD2,DB03247
Q9UJM8,DB03247
O00141,DB03247
Q9NYQ3,DB03247
O75676,DB03247
Q13423,DB03461
P29475,DB03461
Q04828,DB03461
P14061,DB03461
P28845,DB03461
P00374,DB03461
P00325,DB03461
P04035,DB03461
Q92506,DB03461
P40925,DB03461
P42330,DB03461
P30043,DB03461
P48163,DB03461
P11586,DB03461
P52895,DB03461
P15121,DB03461
Q7Z4W1,DB03461
P35270,DB03461
P11413,DB03461
Q08257,DB03461
P16100,DB03461
P08200,DB03461
O75874,DB03461
P67910,DB03461
P11411,DB03461
Q01782,DB03461
P16184,DB03461
P44801,DB03461
P14941,DB03461
P32055,DB03461
P15770,DB03461
P42593,DB03461
P0ABQ4,DB03461
P0AEK2,DB03461
P0C188,DB03461
P16435,DB03461
P46336,DB03461
P06632,DB03461
P16544,DB03461
Q8I814,DB03461
Q59931,DB03461
P21890,DB03461
P38038,DB03461
P58558,DB03461
Q6UWP2,DB03461
P76187,DB03461
Q16698,DB03461
Q9WYS2,DB03461
Q9GV41,DB03461
P80874,DB03461
P55818,DB03461
Q9X022,DB03461
Q9WZS7,DB03461
Q56694,DB03461
Q9X0A2,DB03461
Q14914,DB03461
P0CG22,DB03461
P14550,DB03461
O60218,DB03461
P22570,DB03461
P06213,DB00071
P08069,DB00071
P07339,DB00071
P98164,DB00071
P16870,DB00071
P48745,DB00071
P14735,DB00071
P01906,DB00071
P06400,DB00071
P16519,DB00071
P29120,DB00071
Q16270,DB00071
Q96C24,DB00071
P01920,DB00071
P01023,DB00626
P14735,DB00626
P04035,DB00175
Q92769,DB00175
P20701,DB00227
P04035,DB00227
Q92769,DB00227
P30542,DB00277
O76074,DB00277
P29275,DB00277
Q14432,DB00277
Q07343,DB00277
P29274,DB00277
P27815,DB00277
P09874,DB00277
Q92769,DB00277
Q99829,DB00277
Q8TCT9,DB00277
Q15155,DB00277
Q7Z5B4,DB00277
Q9Y4R7,DB00277
Q07869,DB00313
P51649,DB00313
Q02218,DB00313
P37231,DB00313
P45954,DB00313
Q9UKV0,DB00313
Q03181,DB00313
Q92769,DB00313
P35498,DB00313
Q9Y5Y9,DB00313
Q9UI33,DB00313
Q99250,DB00313
Q9NY46,DB00313
P35499,DB00313
Q14524,DB00313
Q01118,DB00313
Q9UQD0,DB00313
Q15858,DB00313
Q07699,DB00313
O60939,DB00313
Q9NY72,DB00313
Q8IWT1,DB00313
P04035,DB01095
Q92769,DB01095
P30542,DB01223
P0DMS8,DB01223
Q14432,DB01223
Q92769,DB01223
P30542,DB01303
Q14432,DB01303
P29274,DB01303
P27815,DB01303
Q92769,DB01303
Q9BY41,DB02546
Q13547,DB02546
Q92769,DB02546
O15379,DB02546
Q9UBN7,DB02546
O67135,DB02546
Q13547,DB05223
Q92769,DB05223
O15379,DB05223
Q9UBN7,DB05223
P33527,DB06176
Q13547,DB06176
Q92769,DB06176
Q9UBN7,DB06176
P56524,DB06176
P04150,DB09091
Q92769,DB09091
Q13547,DB11830
Q92769,DB11830
O15379,DB11830
Q13547,DB05015
Q969S8,DB05015
Q96DB2,DB05015
Q92769,DB05015
O15379,DB05015
P56524,DB05015
Q9UQL6,DB05015
Q9UBN7,DB05015
Q8WUI4,DB05015
Q9BY41,DB05015
Q9UKV0,DB05015
Q13547,DB06603
Q969S8,DB06603
Q96DB2,DB06603
Q92769,DB06603
O15379,DB06603
P56524,DB06603
Q9UQL6,DB06603
Q9UBN7,DB06603
Q8WUI4,DB06603
Q9BY41,DB06603
Q9UKV0,DB06603
P14780,DB00143
P48637,DB00143
P00390,DB00143
P15121,DB00143
P09488,DB00143
Q9Y2Q3,DB00143
Q16772,DB00143
P21266,DB00143
O15217,DB00143
Q03013,DB00143
Q7RTV2,DB00143
P09211,DB00143
P78417,DB00143
P07203,DB00143
P18283,DB00143
P30711,DB00143
O43708,DB00143
O75715,DB00143
P22352,DB00143
P19440,DB00143
Q04760,DB00143
Q16873,DB00143
P36969,DB00143
O60760,DB00143
P28161,DB00143
Q16775,DB00143
P09210,DB00143
O14880,DB00143
P08263,DB00143
P10620,DB00143
P10768,DB00143
P35754,DB00143
P46439,DB00143
P59796,DB00143
Q6NSD4,DB00143
Q96SL4,DB00143
Q99735,DB00143
Q9H4Y5,DB00143
Q9NS18,DB00143
P08684,DB00143
O75715,DB00143
P07203,DB00143
P18283,DB00143
P22352,DB00143
P59796,DB00143
Q96SL4,DB00143
P36969,DB00143
Q8TED1,DB00143
Q9P0X4,DB09061
P30542,DB09061
P23219,DB09061
P21554,DB09061
P24752,DB09061
P34972,DB09061
P37231,DB09061
P35354,DB09061
P08908,DB09061
P46098,DB09061
P05093,DB09061
O75311,DB09061
P41143,DB09061
P23415,DB09061
P28223,DB09061
O43497,DB09061
P04035,DB09061
P00390,DB09061
P14902,DB09061
P35372,DB09061
P07203,DB09061
O95180,DB09061
Q8NER1,DB09061
Q16678,DB09061
O75762,DB09061
P15559,DB09061
Q7Z2W7,DB09061
P04040,DB09061
Q14330,DB09061
P36544,DB09061
P20815,DB09061
P10635,DB09061
P00441,DB09061
P05177,DB09061
P21796,DB09061
Q8NET8,DB09061
P24462,DB09061
P23415,DB09061
P48167,DB09061
Q9Y2T6,DB09061
P47775,DB09061
F1T0I5,DB09061
Q02083,DB09061
Q9Y5S1,DB09061
Q9HBA0,DB09061
Q9P0X4,DB14009
P23219,DB14009
P21554,DB14009
P24752,DB14009
P34972,DB14009
P37231,DB14009
P35354,DB14009
P08908,DB14009
P05093,DB14009
O75311,DB14009
P41143,DB14009
P23415,DB14009
P28223,DB14009
O43497,DB14009
P04035,DB14009
P00390,DB14009
P14902,DB14009
P35372,DB14009
P07203,DB14009
O95180,DB14009
P17405,DB14009
Q8NER1,DB14009
O75762,DB14009
Q08257,DB14009
Q7Z2W7,DB14009
P04040,DB14009
O00519,DB14009
Q14330,DB14009
P36544,DB14009
P00441,DB14009
P21796,DB14009
Q8NET8,DB14009
P04054,DB14009
P23415,DB14009
P48167,DB14009
Q9Y2T6,DB14009
P47775,DB14009
F1T0I5,DB14009
Q02083,DB14009
Q6IQ20,DB14009
Q9Y5S1,DB14009
Q9HBA0,DB14009
Q9P0X4,DB14011
P23219,DB14011
P21554,DB14011
P24752,DB14011
P34972,DB14011
P37231,DB14011
P35354,DB14011
P08908,DB14011
P05093,DB14011
O75311,DB14011
P41143,DB14011
P23415,DB14011
P28223,DB14011
O43497,DB14011
P04035,DB14011
P00390,DB14011
P14902,DB14011
P35372,DB14011
P07203,DB14011
O95180,DB14011
Q8NER1,DB14011
Q16678,DB14011
O75762,DB14011
Q08257,DB14011
Q7Z2W7,DB14011
P04040,DB14011
O00519,DB14011
Q14330,DB14011
P36544,DB14011
P20815,DB14011
P10635,DB14011
P00441,DB14011
P05177,DB14011
P21796,DB14011
Q8NET8,DB14011
P04798,DB14011
P24462,DB14011
P23415,DB14011
P48167,DB14011
Q9Y2T6,DB14011
P47775,DB14011
F1T0I5,DB14011
Q02083,DB14011
Q9Y5S1,DB14011
Q9HBA0,DB14011
P25021,DB00321
Q9H3N8,DB00321
Q99720,DB00321
P08913,DB00321
P08908,DB00321
P41143,DB00321
P35367,DB00321
P28223,DB00321
P23975,DB00321
P35348,DB00321
P28335,DB00321
P35368,DB00321
P41145,DB00321
P34969,DB00321
P28221,DB00321
P25100,DB00321
P31645,DB00321
P35372,DB00321
Q09470,DB00321
P28222,DB00321
O43526,DB00321
P50406,DB00321
P04629,DB00321
O43525,DB00321
Q16620,DB00321
P08909,DB00321
P11229,DB00321
P08172,DB00321
P20309,DB00321
P08173,DB00321
P08912,DB00321
Q12809,DB00321
Q9H252,DB00321
Q9NS40,DB00321
Q99720,DB00409
P21917,DB00409
P28223,DB00409
P35462,DB00409
P14416,DB00409
P21728,DB00502
P20309,DB00502
Q05940,DB00502
Q99720,DB00502
P08913,DB00502
P08908,DB00502
P18825,DB00502
Q13224,DB00502
P35367,DB00502
P28223,DB00502
P35348,DB00502
P28335,DB00502
P18089,DB00502
P35462,DB00502
P34969,DB00502
P14416,DB00502
P50406,DB00502
Q99705,DB00502
Q99720,DB00514
Q5T1J1,DB00514
P41143,DB00514
P23975,DB00514
P41145,DB00514
Q8TCU5,DB00514
Q15822,DB00514
P31645,DB00514
P35372,DB00514
P43681,DB00514
P17787,DB00514
P36544,DB00514
P30926,DB00514
P32297,DB00514
O00264,DB00514
P04839,DB00514
P13498,DB00514
P14598,DB00514
P19878,DB00514
Q15080,DB00514
P63000,DB00514
P15153,DB00514
Q99720,DB00652
P41145,DB00652
P35372,DB00652
P11229,DB00907
Q99720,DB00907
P23975,DB00907
P08172,DB00907
Q01959,DB00907
P31645,DB00907
P23141,DB00907
P35498,DB00907
Q9Y5Y9,DB00907
Q9UI33,DB00907
Q99250,DB00907
Q9NY46,DB00907
P35499,DB00907
Q14524,DB00907
Q01118,DB00907
Q9UQD0,DB00907
Q15858,DB00907
Q07699,DB00907
O60939,DB00907
Q9NY72,DB00907
Q8IWT1,DB00907
Q99720,DB00956
P41143,DB00956
P35372,DB00956
Q99720,DB01488
P28223,DB01488
P50406,DB01488
Q07869,DB01708
P03372,DB01708
P10275,DB01708
Q99720,DB01708
Q92731,DB01708
O75469,DB01708
Q14994,DB01708
P14867,DB01708
P47869,DB01708
P34903,DB01708
P48169,DB01708
P31644,DB01708
Q16445,DB01708
P18505,DB01708
P47870,DB01708
P28472,DB01708
O14764,DB01708
P78334,DB01708
Q8N1C3,DB01708
P18507,DB01708
Q99928,DB01708
O00591,DB01708
Q9UN88,DB01708
Q05586,DB01708
Q12879,DB01708
Q13224,DB01708
Q14957,DB01708
O15399,DB01708
Q8TCU5,DB01708
O60391,DB01708
Q99720,DB03575
Q8TCU5,DB03575
Q99720,DB06174
Q99720,DB09014
P28335,DB09014
P35462,DB09014
Q12809,DB11186
Q99720,DB11186
P41145,DB11186
P35372,DB11186
P35498,DB11186
Q9Y5Y9,DB11186
Q9UI33,DB11186
Q99250,DB11186
Q9NY46,DB11186
P35499,DB11186
Q14524,DB11186
Q01118,DB11186
Q9UQD0,DB11186
Q15858,DB11186
Q5T1J1,DB05792
P08908,DB00540
P35367,DB00540
P28223,DB00540
P23975,DB00540
P35348,DB00540
P28335,DB00540
P35368,DB00540
P25100,DB00540
P31645,DB00540
P14416,DB00540
P08913,DB00540
P18089,DB00540
P18825,DB00540
P08588,DB00540
P07550,DB00540
P13945,DB00540
P08909,DB00540
P11229,DB00540
P08172,DB00540
P20309,DB00540
P08173,DB00540
P08912,DB00540
O00264,DB00540
Q99720,DB00540
Q9H4B7,DB12695
Q96I99,DB12695
P03886,DB12695
P63104,DB12695
Q71U36,DB12695
P68371,DB12695
P68366,DB12695
Q13509,DB12695
Q13748,DB12695
Q13885,DB12695
P04792,DB12695
P06576,DB12695
P25788,DB12695
P08670,DB12695
O43169,DB12695
P62258,DB12695
P55072,DB12695
P10599,DB12695
P60709,DB12695
P62736,DB12695
P09936,DB12695
P31946,DB12695
P43487,DB12695
P56385,DB12695
O75964,DB12695
Q9NR28,DB12695
Q8TF61,DB12695
P52597,DB12695
P61978,DB12695
P34932,DB12695
P61604,DB12695
Q92598,DB12695
Q9Y266,DB12695
Q13219,DB12695
P17980,DB12695
P60903,DB12695
Q12874,DB12695
Q969G3,DB12695
O43399,DB12695
P09493,DB12695
P06753,DB12695
P67936,DB12695
P54578,DB12695
Q04917,DB12695
P27348,DB12695
P50213,DB09130
P29401,DB09130
P00734,DB09130
P14618,DB09130
P69905,DB09130
P07437,DB09130
P00387,DB09130
P48637,DB09130
P08185,DB09130
P00747,DB09130
P05121,DB09130
P01008,DB09130
P02766,DB09130
P00338,DB09130
P23415,DB09130
Q03154,DB09130
P02787,DB09130
P17174,DB09130
P05543,DB09130
P04406,DB09130
P01619,DB09130
P68871,DB09130
O60701,DB09130
P00390,DB09130
P05546,DB09130
P01031,DB09130
P37840,DB09130
P10997,DB09130
P02652,DB09130
P27169,DB09130
P02775,DB09130
P01009,DB09130
Q99497,DB09130
P62937,DB09130
P01042,DB09130
P01019,DB09130
P04004,DB09130
P11021,DB09130
P02649,DB09130
P07900,DB09130
P08697,DB09130
P14625,DB09130
P30086,DB09130
P06744,DB09130
P02743,DB09130
Q13748,DB09130
P09871,DB09130
P23526,DB09130
P32119,DB09130
P02747,DB09130
P05452,DB09130
P05787,DB09130
P27797,DB09130
P08865,DB09130
P05155,DB09130
P07237,DB09130
Q15185,DB09130
P01857,DB09130
P02749,DB09130
P25311,DB09130
P15531,DB09130
Q96FI4,DB09130
P05067,DB09130
P23560,DB09130
P02647,DB09130
P01024,DB09130
P29034,DB09130
P11142,DB09130
P61769,DB09130
P08758,DB09130
P06396,DB09130
P23528,DB09130
P26447,DB09130
P14550,DB09130
P00558,DB09130
P68104,DB09130
Q96PD5,DB09130
P30041,DB09130
P0C0L5,DB09130
Q07021,DB09130
P63261,DB09130
P05090,DB09130
P01861,DB09130
P10412,DB09130
P62807,DB09130
O00299,DB09130
P06733,DB09130
Q6MZM0,DB09130
Q969S2,DB09130
O75880,DB09130
Q06830,DB09130
Q0VD83,DB09130
P02655,DB09130
P02656,DB09130
P05109,DB09130
P10809,DB09130
P48723,DB09130
Q08288,DB09130
P15880,DB09130
P22626,DB09130
P31943,DB09130
P31942,DB09130
P61987,DB09130
P14866,DB09130
P23246,DB09130
Q15428,DB09130
P63244,DB09130
P12814,DB09130
P09525,DB09130
P31948,DB09130
Q96RE1,DB09130
P56537,DB09130
P60842,DB09130
P31946,DB09130
P51858,DB09130
Q06323,DB09130
P18669,DB09130
P43487,DB09130
P43652,DB09130
P30101,DB09130
F7VJQ1,DB09130
P42858,DB09130
Q9UHF0,DB09130
P04217,DB09130
P02765,DB09130
P06727,DB09130
P04003,DB09130
P07358,DB09130
P02748,DB09130
P08603,DB09130
P05156,DB09130
P10909,DB09130
P45973,DB09130
P00739,DB09130
P35858,DB09130
P15814,DB09130
P19823,DB09130
P04264,DB09130
P13645,DB09130
P35908,DB09130
P35527,DB09130
P02750,DB09130
P51884,DB09130
P29622,DB09130
P36955,DB09130
P51693,DB09130
Q07955,DB09130
P17707,DB00118
P31153,DB00118
P35520,DB00118
Q14749,DB00118
Q00266,DB00118
P21964,DB00118
Q9HBK9,DB00118
Q8N1G2,DB00118
P21964,DB00323
P21964,DB00494
P21964,DB02105
Q16678,DB02342
P21964,DB02342
P11511,DB02342
Q16665,DB02342
P04798,DB02342
P21964,DB03336
P21964,DB03907
P21964,DB04820
P27338,DB04820
P21397,DB04820
P21964,DB07462
P21964,DB08049
P21964,DB11632
Q8WTV0,DB00144
Q9UG56,DB00144
Q9Y2Q0,DB00144
P48651,DB00144
P17252,DB00144
P49619,DB00144
Q16760,DB00144
Q9BVG9,DB00144
Q9NXE4,DB00144
Q9NY59,DB00144
P08243,DB00174
Q15758,DB00174
O43776,DB00174
Q7L266,DB00174
Q96I59,DB00174
Q9H2H9,DB00174
Q96QD8,DB00174
Q99624,DB00174
Q969I6,DB00174
P19113,DB00114
Q9Y600,DB00114
Q9BYV1,DB00114
Q9Y697,DB00114
P20132,DB00114
Q9NVS9,DB00114
P80404,DB00114
Q16773,DB00114
Q96GD0,DB00114
P34897,DB00114
P21549,DB00114
P35520,DB00114
P34896,DB00114
Q99259,DB00114
P00505,DB00114
Q9GZT4,DB00114
Q16719,DB00114
P11926,DB00114
P13196,DB00114
P04181,DB00114
O15269,DB00114
Q96A70,DB00114
P54687,DB00114
O75600,DB00114
P17174,DB00114
Q9Y617,DB00114
P23378,DB00114
O15270,DB00114
P24298,DB00114
P17735,DB00114
O15382,DB00114
Q8N5Z0,DB00114
O95470,DB00114
P32929,DB00114
P22557,DB00114
P11217,DB00114
O94903,DB00114
P11216,DB00114
P20711,DB00114
Q2TU84,DB00114
Q53ET4,DB00114
Q59FK2,DB00114
Q59GM9,DB00114
Q5JAM2,DB00114
Q5VZ30,DB00114
Q6IBS8,DB00114
Q6YP21,DB00114
Q6ZQY3,DB00114
Q8IUZ5,DB00114
Q8IVA8,DB00114
Q8TD30,DB00114
Q96EN8,DB00114
Q96GA7,DB00114
Q9BXA1,DB00114
Q9HD40,DB00114
Q9NUV7,DB00114
Q9UGI5,DB00114
Q9UJX1,DB00114
Q96I15,DB00114
Q6WRI0,DB00114
P0DP23,DB11093
P41180,DB11093
Q99584,DB11093
P27824,DB11093
P04271,DB11093
P27797,DB11093
P09486,DB11093
P06703,DB11093
P62166,DB11093
Q15493,DB11093
Q9ULB1,DB11093
O75340,DB11093
Q99828,DB11093
P30626,DB11093
Q99653,DB11093
P35556,DB11093
O14958,DB11093
Q9UBV8,DB11093
P13693,DB11093
O75838,DB11093
P31415,DB11093
Q02818,DB11093
P80303,DB11093
Q75N90,DB11093
P28676,DB11093
Q9ULU8,DB11093
P0DP24,DB11093
P0DP25,DB11093
Q96FQ6,DB11093
P22676,DB11093
Q13938,DB11093
Q86UW7,DB11093
Q96L12,DB11093
P0DP23,DB11348
P41180,DB11348
Q99584,DB11348
P27824,DB11348
P04271,DB11348
P27797,DB11348
P09486,DB11348
P06703,DB11348
P62166,DB11348
Q15493,DB11348
Q9ULB1,DB11348
O75340,DB11348
Q99828,DB11348
P30626,DB11348
Q99653,DB11348
P35556,DB11348
O14958,DB11348
Q9UBV8,DB11348
P13693,DB11348
O75838,DB11348
P31415,DB11348
Q02818,DB11348
P80303,DB11348
Q75N90,DB11348
P28676,DB11348
Q9ULU8,DB11348
P0DP24,DB11348
P0DP25,DB11348
Q96FQ6,DB11348
P22676,DB11348
Q13938,DB11348
Q86UW7,DB11348
Q96L12,DB11348
P0DP23,DB14481
P41180,DB14481
Q99584,DB14481
P27824,DB14481
P04271,DB14481
P27797,DB14481
P09486,DB14481
P06703,DB14481
P62166,DB14481
Q15493,DB14481
Q9ULB1,DB14481
O75340,DB14481
Q99828,DB14481
P30626,DB14481
Q99653,DB14481
P35556,DB14481
O14958,DB14481
Q9UBV8,DB14481
P13693,DB14481
O75838,DB14481
P31415,DB14481
Q02818,DB14481
P80303,DB14481
Q75N90,DB14481
P28676,DB14481
Q9ULU8,DB14481
P0DP24,DB14481
P0DP25,DB14481
Q96FQ6,DB14481
P22676,DB14481
Q13938,DB14481
Q86UW7,DB14481
Q96L12,DB14481
P50897,DB02035
Q07869,DB03796
P08100,DB03796
P10632,DB03796
Q14541,DB03796
P83812,DB03796
O43617,DB03796
Q9X1H9,DB03796
P00709,DB03796
P09466,DB03796
P02689,DB03796
P50897,DB03796
P29475,DB01942
P00918,DB01942
P05041,DB01942
P05230,DB01942
P09601,DB01942
Q59643,DB01942
Q46891,DB01942
P0A6D3,DB01942
P00780,DB01942
P0A6K3,DB01942
P0A7E1,DB01942
Q60099,DB01942
P22629,DB01942
P0A1V8,DB01942
O07347,DB01942
P0A733,DB01942
Q9X0N8,DB01942
P42321,DB01942
Q27796,DB01942
Q13363,DB01942
P9WPE1,DB01942
O14936,DB01942
P9WKE9,DB01942
Q9X278,DB01942
Q81C15,DB01942
P80357,DB01942
P39841,DB01942
Q9X0V0,DB01942
P75914,DB01942
Q7DC80,DB01942
O34714,DB01942
P16544,DB01942
Q9NQX3,DB01942
Q81F54,DB01942
Q99418,DB01942
Q06700,DB01942
Q9WXS0,DB01942
P77872,DB01942
Q9X0F9,DB01942
Q8MU52,DB01942
O31465,DB01942
P77454,DB01942
P30749,DB01942
Q9X0L5,DB01942
Q9Z4N6,DB01942
Q5SHZ4,DB01942
P07998,DB01942
P20472,DB01942
P14621,DB01942
Q9BVM4,DB01942
P30043,DB02073
P09601,DB02073
P02144,DB02073
P09601,DB02468
P09601,DB03906
P09601,DB04803
P30519,DB04912
P09601,DB04912
P09601,DB06914
P09601,DB07342
P00747,DB00013
P05121,DB00013
Q03405,DB00013
P98164,DB00013
P05120,DB00013
Q9Y5Y6,DB00013
P05154,DB00013
P14543,DB00013
P00747,DB00513
P00750,DB00513
P08519,DB00513
P34995,DB01088
P43119,DB01088
Q07343,DB01088
P00750,DB01088
P27815,DB01088
Q08499,DB01088
Q08493,DB01088
Q9Y5Y4,DB01088
P00734,DB06404
P03951,DB06404
P00750,DB06404
P09871,DB06404
P00736,DB06404
P03952,DB06404
P00748,DB06404
P00750,DB07684
P23219,DB09213
Q07869,DB09213
P37231,DB09213
P10415,DB09213
P35354,DB09213
P46059,DB09213
P07359,DB09213
P00750,DB09213
P07204,DB09213
P13569,DB09213
P12104,DB09213
P31151,DB09213
P00734,DB09228
P03951,DB09228
P00750,DB09228
P09871,DB09228
P00736,DB09228
P03952,DB09228
P00748,DB09228
P20701,DB00098
P06126,DB00098
P42081,DB00098
P05106,DB00098
P31994,DB00098
P01730,DB00098
Q95460,DB00098
P05556,DB00098
P06756,DB00098
P03300,DB03203
Q9NZD2,DB03203
P03303,DB03203
P03302,DB03203
P13900,DB03203
P15151,DB03203
Q12809,DB01035
Q14524,DB01035
P26358,DB01035
P12461,DB01099
P26358,DB01099
P26358,DB01262
P26358,DB05668
P26358,DB12116
P35869,DB12116
Q86XF0,DB12116
P46459,DB01902
Q86YB8,DB01902
Q84FH6,DB02201
Q99470,DB02201
Q13443,DB05033
Q14749,DB01752
Q14353,DB01752
P11086,DB01752
P22061,DB01752
P9WPB5,DB01752
P12823,DB01752
O87696,DB01752
P07617,DB01752
P14751,DB01752
Q06528,DB01752
P0ACC1,DB01752
P50135,DB01752
Q79FX6,DB01752
Q9WYV8,DB01752
Q9WZX6,DB01752
P13956,DB01752
O14717,DB01752
P44868,DB01752
P11409,DB01752
P04392,DB01752
P9WPB3,DB01752
P25924,DB01752
P05102,DB01752
Q8WTS6,DB01752
P43912,DB01752
Q54527,DB01752
P0A876,DB01752
P21631,DB01752
Q5SKH6,DB01752
P07801,DB01752
P14385,DB01752
Q56308,DB01752
Q9H2P9,DB01752
O60678,DB01752
Q86VU5,DB01752
Q99873,DB01752
P33527,DB01138
O75469,DB01138
Q92887,DB01138
Q96S37,DB01138
P33527,DB04851
Q9UNQ0,DB04851
Q2M3G0,DB04851
Q9NS75,DB08855
Q9Y271,DB08855
P33527,DB08855
Q13621,DB00903
P05023,DB00903
P09211,DB00903
Q9UJU2,DB00903
Q9Y478,DB00131
Q08828,DB00131
Q9NR19,DB00131
Q07343,DB00131
P33121,DB00131
Q13131,DB00131
P16220,DB00131
Q08499,DB00131
P49773,DB00131
P09467,DB00131
P55263,DB00131
Q13131,DB00131
P54646,DB00131
Q9Y478,DB00131
O43741,DB00131
P54619,DB00131
Q9UGJ0,DB00131
Q9UGI9,DB00131
P03372,DB01183
P41143,DB01183
P41145,DB01183
P35372,DB01183
P16220,DB01183
O00206,DB01183
P23141,DB01183
P06730,DB01649
Q96C86,DB01649
P06730,DB01960
Q96C86,DB01960
P07617,DB01960
P06730,DB02716
P06730,DB05165
P06730,DB08217
O06796,DB08217
P06731,DB08217
Q57254,DB08217
P08588,DB00852
P08913,DB00852
P23975,DB00852
P35348,DB00852
Q01959,DB00852
P07550,DB00852
P01375,DB00852
P31645,DB00852
P60568,DB00852
P19838,DB00852
O95644,DB00852
P18846,DB00852
P15336,DB00852
P18847,DB00852
P18848,DB00852
Q9Y2D1,DB00852
P18850,DB00852
P17544,DB00852
Q8WYK2,DB00852
P01100,DB00852
P05412,DB00852
P05089,DB03904
P00918,DB03904
P35222,DB03904
Q8XB74,DB03904
P00378,DB03904
P68400,DB01765
P68400,DB02170
P23219,DB02709
Q07869,DB02709
P03372,DB02709
P37231,DB02709
P16083,DB02709
P54577,DB02709
P09917,DB02709
P35354,DB02709
P16050,DB02709
P49286,DB02709
P31749,DB02709
P48039,DB02709
P37840,DB02709
O75469,DB02709
P11166,DB02709
P05106,DB02709
P68400,DB02709
Q96EB6,DB02709
P16152,DB02709
P05067,DB02709
P35869,DB02709
Q14994,DB02709
Q86T13,DB02709
Q8TCG2,DB02709
P08648,DB02709
Q92945,DB02709
P68400,DB03035
P00749,DB03127
P06870,DB03127
P68400,DB03127
P35030,DB03127
Q92876,DB03127
P00775,DB03127
Q9Y5Y6,DB03127
P07477,DB03127
P42126,DB03127
O00244,DB03127
P07478,DB03127
P68400,DB03924
P48637,DB04395
P0AES6,DB04395
P29317,DB04395
P06239,DB04395
P08069,DB04395
P49841,DB04395
P53779,DB04395
P19367,DB04395
P13569,DB04395
P68400,DB04395
P23919,DB04395
P45066,DB04395
P11309,DB04395
P0A6I3,DB04395
P45510,DB04395
Q56310,DB04395
P59846,DB04395
P0A820,DB04395
P33221,DB04395
P23367,DB04395
Q83LD8,DB04395
P0A6C8,DB04395
P23677,DB04395
P53355,DB04395
P0A3Y5,DB04395
P08690,DB04395
P0AEJ4,DB04395
P68133,DB04395
Q06609,DB04395
Q02880,DB04395
P53778,DB04395
P0A7G9,DB04395
Q04230,DB04395
Q12756,DB04395
P0A6H7,DB04395
Q9WZ57,DB04395
Q9RA63,DB04395
P37093,DB04395
P23837,DB04395
P20083,DB04395
P51570,DB04395
P03960,DB04395
Q16877,DB04395
P78362,DB04395
P29323,DB04395
P49368,DB04395
P55072,DB04395
Q99661,DB04395
Q96QT4,DB04395
P68400,DB04462
P68400,DB04719
P68400,DB04720
P68400,DB04721
P68400,DB07715
P16544,DB07715
P35869,DB07715
Q5G940,DB07715
P68400,DB07802
P68400,DB08338
P68400,DB08340
P68400,DB08345
P68400,DB08353
P68400,DB08354
P68400,DB08360
P68400,DB08362
P68400,DB08473
P68400,DB08660
P42263,DB01356
O14732,DB01356
P49841,DB01356
P29218,DB01356
P49841,DB01772
P49841,DB01793
P49841,DB01950
P11229,DB02010
P06239,DB02010
P49841,DB02010
P24941,DB02010
O15530,DB02010
P11309,DB02010
P43403,DB02010
P48736,DB02010
P43405,DB02010
Q08881,DB02010
P41240,DB02010
P49137,DB02010
Q04759,DB02010
Q00535,DB02052
P49841,DB02052
P24941,DB02052
P06493,DB02052
P35869,DB02052
Q15078,DB02052
P49841,DB03444
Q00535,DB04014
P49841,DB04014
P06493,DB04014
P49841,DB07014
P49841,DB07058
P49841,DB07149
P31749,DB07584
P49841,DB07584
P31749,DB07585
P49841,DB07585
P49841,DB07676
Q16566,DB07676
P49841,DB07812
P31751,DB07812
P49841,DB12129
P42263,DB14507
O14732,DB14507
P49841,DB14507
P29218,DB14507
P42263,DB14508
O14732,DB14508
P49841,DB14508
P29218,DB14508
P42263,DB14509
O14732,DB14509
P49841,DB14509
P29218,DB14509
Q9UJ68,DB04447
P00352,DB04447
P04035,DB04447
O43708,DB04447
P22262,DB04447
P0A884,DB04447
P21340,DB04447
P06988,DB04447
P96618,DB04447
P15770,DB04447
P23284,DB04447
Q9ZEU2,DB04447
Q9RC92,DB04447
P32427,DB04447
P60493,DB04447
Q9HZZ3,DB04447
P65389,DB04447
Q02192,DB04447
O87949,DB04447
O15169,DB04447
P60174,DB04447
Q9UQM7,DB04447
P09382,DB04447
Q96QT4,DB04447
P23219,DB00605
P35354,DB00605
P15121,DB00605
Q03181,DB00605
P27361,DB00605
Q9Y5Y4,DB00605
O60218,DB00605
P31749,DB01169
P28482,DB01169
P24385,DB01169
P05412,DB01169
P27361,DB01169
O14920,DB01169
Q16881,DB01169
Q13547,DB01169
P29590,DB01169
P38936,DB01169
P28482,DB02733
P27361,DB02733
P24941,DB02733
Q07785,DB02733
P11802,DB02733
P78362,DB02733
P27361,DB04604
P78368,DB04604
Q8TF76,DB04604
P28482,DB06195
P27361,DB06195
P24941,DB06195
P06493,DB06195
P50613,DB06195
P50750,DB06195
P49674,DB06195
P04049,DB08862
P32238,DB08862
P05771,DB08862
P01133,DB08862
P27361,DB08862
P32239,DB08862
P28482,DB13930
P27361,DB13930
P03372,DB00255
P10275,DB00255
P04278,DB00255
Q92731,DB00255
O75469,DB00255
P62508,DB00255
P11474,DB00255
Q15596,DB00255
O95718,DB00255
P03372,DB00269
P03372,DB00286
Q92731,DB00286
P06401,DB00294
P03372,DB00304
P06401,DB00304
P03372,DB00367
P10275,DB00367
P18405,DB00367
P06401,DB00367
P04278,DB00367
P04150,DB00367
P03372,DB00367
P10275,DB00367
P18405,DB00367
P06401,DB00367
P04278,DB00367
P04150,DB00367
P48167,DB00431
P03372,DB00431
P24046,DB00431
O75311,DB00431
P23415,DB00431
P06401,DB00431
P23416,DB00431
O75469,DB00431
P18505,DB00431
P28472,DB00431
P03372,DB00481
Q92731,DB00481
P04155,DB00481
P50453,DB00481
P03372,DB00539
P04278,DB00539
P03372,DB00603
P06401,DB00603
P08183,DB00603
P14867,DB00603
P47869,DB00603
P34903,DB00603
P48169,DB00603
P31644,DB00603
Q16445,DB00603
P18505,DB00603
P47870,DB00603
P28472,DB00603
O14764,DB00603
P78334,DB00603
Q8N1C3,DB00603
P18507,DB00603
Q99928,DB00603
O00591,DB00603
Q9UN88,DB00603
P03372,DB00624
P10275,DB00624
P08235,DB00624
P03372,DB00648
P10275,DB00648
P10109,DB00648
P06401,DB00648
P15538,DB00648
P03372,DB00655
P10275,DB00655
P04278,DB00655
Q92731,DB00655
P11511,DB00655
P06149,DB00756
P03372,DB00756
P00367,DB00756
O14521,DB00756
P03372,DB00823
P06401,DB00823
P03372,DB00841
P08588,DB00841
P07550,DB00841
P35348,DB00841
P35368,DB00841
P25100,DB00841
P03372,DB00882
P04278,DB00882
P03372,DB00890
P04278,DB00890
P03372,DB00947
P03372,DB00957
P10275,DB00957
P06401,DB00957
P03372,DB00977
O75469,DB00977
P14060,DB01108
P26439,DB01108
P03372,DB01108
Q92731,DB01108
P03372,DB01185
P80365,DB01185
P10275,DB01185
P04150,DB01185
P03372,DB01196
Q92731,DB01196
P11137,DB01196
P78559,DB01196
P03372,DB01357
P03372,DB01406
P10275,DB01406
P30968,DB01406
Q96P88,DB01406
P06401,DB01406
P13500,DB01406
P03372,DB01428
P10275,DB01428
P06401,DB01428
Q92731,DB01428
P03372,DB01431
P06401,DB01431
P03372,DB01645
P31749,DB01645
P04278,DB01645
P11388,DB01645
Q92731,DB01645
Q14289,DB01645
O75469,DB01645
Q16678,DB01645
Q99527,DB01645
P11474,DB01645
Q15788,DB01645
Q15596,DB01645
O95718,DB01645
P03372,DB01878
Q92731,DB01878
P03372,DB02187
P14061,DB02187
P03372,DB02615
P18031,DB02615
P03372,DB02715
Q07869,DB02746
P28702,DB02746
P03372,DB02746
P37231,DB02746
P19793,DB02746
P06401,DB02746
P48443,DB02746
Q92731,DB02746
Q03181,DB02746
P9WJJ7,DB02746
P03372,DB02757
P00326,DB02757
Q92731,DB02757
P03372,DB02901
P10275,DB02901
P14061,DB02901
P08235,DB02901
P03372,DB03467
Q04828,DB03467
P04278,DB03467
Q92731,DB03467
Q16678,DB03467
P11511,DB03467
Q9AIU0,DB03467
Q9P2N6,DB03467
P03372,DB03742
P03372,DB03802
P03372,DB04468
P04278,DB04468
Q92731,DB04468
O75469,DB04468
P62508,DB04468
P11474,DB04468
P04155,DB04468
P03372,DB04471
P03372,DB04573
P04278,DB04573
Q92731,DB04573
P03372,DB04574
Q92731,DB04574
P03372,DB04575
P03372,DB04824
P04278,DB04824
O75469,DB04824
O60656,DB04824
Q14994,DB04824
P03372,DB04930
P35498,DB04930
O75469,DB04930
P03372,DB04938
P03372,DB05233
P03372,DB05487
P19838,DB05487
Q00653,DB05487
P03372,DB05662
P03372,DB05882
Q92731,DB05882
P03372,DB05966
Q92731,DB05966
P34972,DB06202
P03372,DB06202
Q92731,DB06202
P03372,DB06249
Q92731,DB06249
P03372,DB06374
P03372,DB06401
Q92731,DB06401
P03372,DB06710
P10275,DB06710
P03372,DB06732
Q16678,DB06732
P35869,DB06732
P11474,DB06732
P10589,DB06732
P03372,DB06871
Q15596,DB06871
P03372,DB06898
Q15596,DB06898
P03372,DB06927
Q92731,DB06927
Q15788,DB06927
P03372,DB07086
Q15596,DB07086
P03372,DB07087
Q15596,DB07087
P03372,DB07195
Q15596,DB07195
P03372,DB07567
P03372,DB07638
Q92731,DB07638
P03372,DB07678
Q15596,DB07678
P03372,DB07707
Q15596,DB07707
P03372,DB07708
Q15596,DB07708
P03372,DB07712
Q15596,DB07712
P03372,DB07931
Q04828,DB07931
O75469,DB07931
Q14994,DB07931
P03372,DB07932
Q15596,DB07932
P03372,DB07933
Q92731,DB07933
P03372,DB07991
P03372,DB08020
Q92731,DB08020
P03372,DB08047
Q15596,DB08047
P03372,DB08048
Q15596,DB08048
P03372,DB08320
Q15596,DB08320
P03372,DB08398
Q15596,DB08398
P03372,DB08595
Q15596,DB08595
P03372,DB08737
P03372,DB08773
Q15596,DB08773
P03372,DB09070
P03372,DB09086
P10275,DB09086
Q92731,DB09086
Q8NET8,DB09086
P03372,DB09317
P03372,DB09318
P03372,DB09369
P03372,DB09371
P10275,DB09371
P04278,DB09371
P03372,DB09535
Q92731,DB09535
P03372,DB11064
P10275,DB11064
P06401,DB11064
P03372,DB11219
P10275,DB11219
P06401,DB11219
Q92731,DB11219
P03372,DB11478
P04278,DB11478
P03372,DB11541
P03372,DB11619
P10275,DB11619
P30968,DB11619
P06401,DB11619
P04278,DB11619
P04150,DB11619
P03372,DB12450
P03372,DB13869
Q92731,DB13869
P03372,DB13943
P10275,DB13943
P08235,DB13943
P03372,DB13944
P10275,DB13944
P08235,DB13944
P03372,DB13946
P10275,DB13946
P08235,DB13946
P03372,DB13951
P10275,DB13951
P14061,DB13951
P08235,DB13951
P37059,DB13952
P03372,DB13952
Q92731,DB13952
P43681,DB13952
O75469,DB13952
P62508,DB13952
Q99527,DB13952
Q15596,DB13952
P00846,DB13952
Q14457,DB13952
P37059,DB13953
P03372,DB13953
Q92731,DB13953
P43681,DB13953
O75469,DB13953
P62508,DB13953
Q99527,DB13953
Q15596,DB13953
P00846,DB13953
Q14457,DB13953
P37059,DB13954
P03372,DB13954
Q92731,DB13954
P43681,DB13954
O75469,DB13954
P62508,DB13954
Q99527,DB13954
Q15596,DB13954
P00846,DB13954
Q14457,DB13954
P37059,DB13955
P03372,DB13955
Q92731,DB13955
P43681,DB13955
O75469,DB13955
P62508,DB13955
Q99527,DB13955
Q15596,DB13955
P00846,DB13955
Q14457,DB13955
P37059,DB13956
P03372,DB13956
Q92731,DB13956
P43681,DB13956
O75469,DB13956
P62508,DB13956
Q99527,DB13956
Q15596,DB13956
P00846,DB13956
Q14457,DB13956
P00734,DB14487
P14780,DB14487
P03372,DB14487
P08700,DB14487
P69905,DB14487
P45381,DB14487
P08185,DB14487
P02766,DB14487
P23415,DB14487
P02787,DB14487
P02671,DB14487
P01619,DB14487
P68871,DB14487
P04278,DB14487
O14556,DB14487
P05546,DB14487
P01031,DB14487
P01023,DB14487
P02652,DB14487
P27169,DB14487
P01009,DB14487
Q00987,DB14487
P01042,DB14487
P01019,DB14487
P04004,DB14487
P02649,DB14487
P00450,DB14487
P16455,DB14487
P02751,DB14487
P02743,DB14487
P09871,DB14487
Q9BY41,DB14487
P04075,DB14487
P00751,DB14487
P09874,DB14487
P00736,DB14487
P02746,DB14487
P02747,DB14487
Q13547,DB14487
P00441,DB14487
P03952,DB14487
P07237,DB14487
P15531,DB14487
P07360,DB14487
P04637,DB14487
P05067,DB14487
P02647,DB14487
P01024,DB14487
P01308,DB14487
P15169,DB14487
P22792,DB14487
P56524,DB14487
P29034,DB14487
P19652,DB14487
P31151,DB14487
P60174,DB14487
P06396,DB14487
P68104,DB14487
P49411,DB14487
P78330,DB14487
Q96PD5,DB14487
P00748,DB14487
P0C0L5,DB14487
P04731,DB14487
P02795,DB14487
P01876,DB14487
P01871,DB14487
P49908,DB14487
Q8N907,DB14487
P25713,DB14487
P06733,DB14487
O75340,DB14487
O14618,DB14487
P46663,DB14487
P04279,DB14487
O15304,DB14487
P46939,DB14487
Q06830,DB14487
Q0VD83,DB14487
P29372,DB14487
P05109,DB14487
P30101,DB14487
P06702,DB14487
O15350,DB14487
P04217,DB14487
P02765,DB14487
P06727,DB14487
P04003,DB14487
P07358,DB14487
P08603,DB14487
P05156,DB14487
P10909,DB14487
P00739,DB14487
P35858,DB14487
P19823,DB14487
P04264,DB14487
P13645,DB14487
P35908,DB14487
P35527,DB14487
P29622,DB14487
O14791,DB14487
P20851,DB14487
P46736,DB14487
P07357,DB14487
P81605,DB14487
P15924,DB14487
P05160,DB14487
O75636,DB14487
Q86YZ3,DB14487
P01599,DB14487
P80748,DB14487
P19827,DB14487
Q06033,DB14487
Q14624,DB14487
P01591,DB14487
P14923,DB14487
P02533,DB14487
P08779,DB14487
P13647,DB14487
P02538,DB14487
P20742,DB14487
P01011,DB14487
P51693,DB14487
Q06481,DB14487
P14780,DB14533
P03372,DB14533
P08700,DB14533
P69905,DB14533
P45381,DB14533
P08185,DB14533
P02766,DB14533
P23415,DB14533
P02787,DB14533
P02671,DB14533
P68871,DB14533
P04278,DB14533
O14556,DB14533
P05546,DB14533
P01031,DB14533
P01023,DB14533
P27169,DB14533
P01009,DB14533
Q00987,DB14533
P01042,DB14533
P03951,DB14533
P04004,DB14533
P02649,DB14533
P00450,DB14533
P16455,DB14533
P02751,DB14533
P09871,DB14533
Q9BY41,DB14533
P04075,DB14533
P09874,DB14533
P00736,DB14533
P02746,DB14533
P02747,DB14533
Q13547,DB14533
P00441,DB14533
P03952,DB14533
P07237,DB14533
P15531,DB14533
P04637,DB14533
P05067,DB14533
P02647,DB14533
P01024,DB14533
P01308,DB14533
P15169,DB14533
P22792,DB14533
P56524,DB14533
P29034,DB14533
P19652,DB14533
P31151,DB14533
P60174,DB14533
P68104,DB14533
P49411,DB14533
P78330,DB14533
Q96PD5,DB14533
P0C0L5,DB14533
P04731,DB14533
P02795,DB14533
P49908,DB14533
P25713,DB14533
P06733,DB14533
O14618,DB14533
P46663,DB14533
P04279,DB14533
O15304,DB14533
P46939,DB14533
Q06830,DB14533
Q0VD83,DB14533
P29372,DB14533
P05109,DB14533
P30101,DB14533
P06702,DB14533
O15350,DB14533
P02765,DB14533
P04003,DB14533
P08603,DB14533
P10909,DB14533
P35858,DB14533
P19823,DB14533
P35527,DB14533
O14791,DB14533
P20851,DB14533
P46736,DB14533
P81605,DB14533
P19827,DB14533
Q06033,DB14533
Q14624,DB14533
P01591,DB14533
P20742,DB14533
P01011,DB14533
P51693,DB14533
Q06481,DB14533
P04114,DB14533
P02790,DB14533
P04196,DB14533
P00738,DB14533
P41238,DB14533
Q02383,DB14533
P03372,DB14641
P04278,DB14641
Q92731,DB14641
P08588,DB01064
P07550,DB01064
P28482,DB01064
P27986,DB01064
P13945,DB01064
O00459,DB01064
Q92569,DB01064
P00441,DB01064
Q4ZHU6,DB01064
Q00535,DB02116
P28482,DB02116
P24941,DB02116
P06493,DB02116
P28482,DB04338
Q16539,DB04338
P31749,DB06641
P28482,DB06641
P17252,DB06641
P28482,DB06877
P28482,DB07010
P53779,DB07010
P28482,DB07264
P28482,DB07788
P28482,DB07794
P28482,DB07905
P06213,DB08513
P28482,DB08513
P35568,DB08513
P28482,DB08521
Q16539,DB08521
P28482,DB11120
P00519,DB01254
P09619,DB01254
Q06203,DB01254
P42684,DB01254
P10721,DB01254
P12931,DB01254
P06241,DB01254
P07947,DB01254
P29317,DB01254
P06239,DB01254
P51692,DB01254
Q16539,DB01254
Q06187,DB01254
P41240,DB01254
P54760,DB01254
P11142,DB01254
P07948,DB01254
P42685,DB01254
P11274,DB01254
P09769,DB01254
P54756,DB01254
Q9NYL2,DB01254
Q92570,DB01254
Q16539,DB01761
Q16539,DB01807
Q16539,DB01948
Q16539,DB01953
Q16539,DB01988
Q16539,DB02195
Q16539,DB02277
Q16539,DB02352
P09960,DB02352
Q16539,DB02873
Q16539,DB02984
Q16539,DB03044
Q16539,DB03110
Q16539,DB03980
Q16539,DB04632
Q16539,DB04797
Q16539,DB05157
P53778,DB05157
Q15759,DB05157
O15264,DB05157
P01375,DB05412
Q16539,DB05412
P01584,DB05412
P00403,DB05412
P01375,DB05470
P05231,DB05470
Q16539,DB05470
P01584,DB05470
Q16539,DB06518
P12931,DB06882
Q16539,DB06882
Q16539,DB06940
Q16539,DB06991
Q16539,DB07138
Q16539,DB07307
Q16539,DB07459
Q16539,DB07607
Q16539,DB07811
Q16539,DB07829
Q16539,DB07832
Q16539,DB07833
Q16539,DB07834
Q16539,DB07835
Q16539,DB07941
Q16539,DB07942
Q16539,DB07943
Q16539,DB08064
Q16539,DB08068
Q16539,DB08091
Q16539,DB08092
Q16539,DB08093
Q16539,DB08095
Q16539,DB08096
Q16539,DB08097
Q16539,DB08242
Q16539,DB08349
Q16539,DB08351
Q16539,DB08352
Q16539,DB08395
Q16539,DB08423
Q16539,DB08424
Q16539,DB08522
Q16539,DB08730
Q9UDX3,DB00163
P09917,DB00163
O76054,DB00163
Q9UDX4,DB00163
P05771,DB00163
O75469,DB00163
P17252,DB00163
P23743,DB00163
P62714,DB00163
P67775,DB00163
P67775,DB02506
Q13362,DB02506
P30153,DB02506
P62136,DB02506
P63151,DB02506
P67775,DB06905
Q13362,DB06905
P30153,DB06905
P09917,DB14001
O76054,DB14001
Q9UDX4,DB14001
P05771,DB14001
O75469,DB14001
P17252,DB14001
P23743,DB14001
Q9Y6T7,DB14001
Q16760,DB14001
P52429,DB14001
Q86XP1,DB14001
P49619,DB14001
O75912,DB14001
Q5KSL6,DB14001
P52824,DB14001
Q13574,DB14001
P09917,DB14002
O76054,DB14002
Q9UDX4,DB14002
P05771,DB14002
O75469,DB14002
P17252,DB14002
P31749,DB01863
O15530,DB01863
Q9H4M7,DB01863
Q06187,DB01863
Q9UN19,DB01863
P23677,DB01863
Q99418,DB01863
O43739,DB01863
P31749,DB05971
P31749,DB06486
Q96Q40,DB06486
P05771,DB06486
P27986,DB06486
O14965,DB06486
O96017,DB06486
O14757,DB06486
Q96GD4,DB06486
P43155,DB01992
P0A6R0,DB01992
P04035,DB01992
P50870,DB01992
P0A6I3,DB01992
P56220,DB01992
P10802,DB01992
O06644,DB01992
Q9BWD1,DB01992
P0A8V9,DB01992
P07464,DB01992
P07097,DB01992
P31572,DB01992
P21340,DB01992
P09373,DB01992
P9WK17,DB01992
P0A6I8,DB01992
P96618,DB01992
P13702,DB01992
P69903,DB01992
Q8ZKF6,DB01992
P23181,DB01992
P0ACC7,DB01992
P9WQG9,DB01992
Q04416,DB01992
Q8ZPC0,DB01992
O32248,DB01992
Q9R381,DB01992
Q81EE4,DB01992
P44886,DB01992
Q9F6D4,DB01992
P9WJM7,DB01992
Q9KEQ1,DB01992
Q92831,DB01992
P9WNP5,DB01992
Q9LCX9,DB01992
Q47764,DB01992
P39135,DB01992
Q9HYX1,DB01992
P43886,DB01992
O34002,DB01992
O75390,DB01992
P07108,DB01992
Q92993,DB01992
Q92830,DB01992
P04150,DB00180
P04150,DB00223
P04150,DB00240
P04150,DB00253
P04083,DB00288
P04150,DB00288
P04150,DB00324
P06401,DB00351
P04150,DB00351
P04150,DB00394
P04150,DB00443
P04150,DB00547
P06401,DB00588
P47712,DB00588
P08235,DB00588
P04150,DB00588
P04083,DB00591
P04150,DB00591
P07355,DB00591
P12429,DB00591
P08758,DB00591
P09525,DB00591
P04150,DB00596
P04150,DB00620
P04150,DB00663
P08235,DB00687
P04150,DB00687
P10275,DB00717
P06401,DB00717
P04150,DB00717
P06401,DB00764
P04150,DB00764
P04150,DB00769
P06401,DB00834
P04150,DB00834
O75469,DB00834
P07288,DB00834
P04150,DB00838
P04150,DB00846
P04150,DB00860
P04150,DB00896
P04083,DB01013
P08235,DB01013
P04150,DB01013
P04150,DB01047
Q99835,DB01047
P04150,DB01130
P04150,DB01260
P04150,DB01380
P04150,DB01384
P10275,DB01395
P06401,DB01395
P08235,DB01395
P04150,DB01395
P04150,DB02210
P01112,DB02210
P00720,DB02210
Q56313,DB02210
Q820S6,DB02210
P04054,DB02210
P08235,DB04630
P04150,DB04630
P04150,DB05423
P04150,DB06781
P10275,DB08867
P06401,DB08867
P04150,DB08867
P06401,DB08906
P08235,DB08906
P04150,DB08906
P04150,DB09095
P12429,DB09095
P04150,DB11921
P04150,DB12637
Q6QNK2,DB12637
P04150,DB13003
P04150,DB13158
P06401,DB13867
P47712,DB13867
P08235,DB13867
P04150,DB13867
P06401,DB14512
P04150,DB14512
P14060,DB14538
P80365,DB14538
P04083,DB14538
P04150,DB14538
P14060,DB14539
P80365,DB14539
P04083,DB14539
P04150,DB14539
P14060,DB14540
P80365,DB14540
P04083,DB14540
P04150,DB14540
P14060,DB14541
P80365,DB14541
P04083,DB14541
P04150,DB14541
P14060,DB14542
P80365,DB14542
P04083,DB14542
P04150,DB14542
P14060,DB14543
P80365,DB14543
P04083,DB14543
P04150,DB14543
P14060,DB14544
P80365,DB14544
P04083,DB14544
P04150,DB14544
P10275,DB14583
P06401,DB14583
P04150,DB14583
P04150,DB14596
P04150,DB15566
P36897,DB03921
P36897,DB04434
P36897,DB04480
P36897,DB07152
P36897,DB07267
P36897,DB08450
P07437,DB00570
P05412,DB00570
Q71U36,DB00570
Q9UJT1,DB00570
Q9UJT0,DB00570
P23258,DB00570
P13631,DB05785
P10826,DB05785
P10276,DB05785
P05412,DB05785
P10275,DB00499
O75469,DB00499
P35869,DB00499
P10275,DB00621
P21728,DB00623
P10275,DB00623
P0DP23,DB00623
P28223,DB00623
P28335,DB00623
P14416,DB00623
P10275,DB00665
P10275,DB00858
P10275,DB00984
Q12809,DB01026
P10275,DB01026
P05093,DB01026
P50859,DB01026
O75469,DB01026
Q14994,DB01026
P08686,DB01026
P10275,DB01063
P14416,DB01063
P10275,DB01420
P10275,DB01481
P10275,DB01541
P10275,DB01564
P21728,DB01608
P10275,DB01608
P08913,DB01608
P35368,DB01608
P23219,DB02266
Q07869,DB02266
P10275,DB02266
P37231,DB02266
P35354,DB02266
P42330,DB02266
P10275,DB02932
P10275,DB02998
P06401,DB02998
P08235,DB02998
Q15596,DB02998
P10275,DB04709
P10275,DB04839
P07288,DB04839
P10275,DB05234
P10275,DB06133
P10275,DB06412
P16860,DB06412
P10275,DB06713
P02768,DB06713
P06401,DB06713
P10275,DB06718
P10275,DB06870
P10275,DB07039
P10275,DB07286
P10275,DB07419
P10275,DB07421
P10275,DB07422
P10275,DB07423
P10275,DB07454
P10275,DB07717
P10275,DB07769
P10275,DB08035
P10275,DB08087
P10275,DB08088
P10275,DB08089
P10275,DB08461
P10275,DB08604
P37231,DB08604
P9WGR1,DB08604
P07202,DB08604
O75469,DB08604
O24990,DB08604
P0AEK4,DB08604
Q14994,DB08604
Q6GI75,DB08604
A0A348A0U3,DB08604
P10275,DB08804
P10275,DB09123
P06401,DB09123
P10275,DB09389
P18405,DB09389
P06401,DB09389
P10275,DB11429
P10275,DB11447
P10275,DB11901
P14867,DB11901
P47869,DB11901
P34903,DB11901
P48169,DB11901
P31644,DB11901
Q16445,DB11901
P18505,DB11901
P47870,DB11901
P28472,DB11901
O14764,DB11901
P78334,DB11901
Q8N1C3,DB11901
P18507,DB11901
Q99928,DB11901
O00591,DB11901
Q9UN88,DB11901
P10275,DB12941
P06401,DB12941
P10275,DB13155
P10275,DB13934
P10275,DB14639
P10275,DB15488
Q92847,DB15488
Q16665,DB05959
Q9Y6Q6,DB05959
P40763,DB05959
P00519,DB08896
P35916,DB08896
P17948,DB08896
P04049,DB08896
P09619,DB08896
P35968,DB08896
P10721,DB08896
P15056,DB08896
P21802,DB08896
P29317,DB08896
P16234,DB08896
P04629,DB08896
P11362,DB08896
P07949,DB08896
Q02763,DB08896
Q15759,DB08896
Q16832,DB08896
P42685,DB08896
Q13233,DB06061
P01375,DB11967
P05231,DB11967
P01584,DB11967
Q13233,DB11967
P36507,DB11967
P07741,DB04272
P15121,DB04272
P40926,DB04272
P12931,DB04272
P12724,DB04272
P04190,DB04272
P00808,DB04272
P39126,DB04272
P05042,DB04272
Q9X0N8,DB04272
Q9HU22,DB04272
P04079,DB04272
Q9WZW1,DB04272
P9WN39,DB04272
P9WN38,DB04272
P0A753,DB04272
Q81F54,DB04272
Q9LCX9,DB04272
O34002,DB04272
P33644,DB04272
P83787,DB04272
P13299,DB04272
Q9GV41,DB04272
P11922,DB04272
P10930,DB04272
Q2QJL3,DB04272
P38516,DB04272
P15086,DB04272
P03277,DB04272
O33833,DB04272
A0A384KMD8,DB04272
P46849,DB04272
Q9HB21,DB04272
P21408,DB04272
Q9WZ40,DB04272
Q9X286,DB04272
P07360,DB04272
Q9CBQ2,DB04272
P44725,DB04272
Q37875,DB04272
Q9X1F0,DB04272
P32427,DB04272
P06672,DB04272
P07998,DB04272
P62312,DB04272
Q9BY32,DB04272
O75390,DB04272
Q9GZU7,DB04272
Q96RQ9,DB04272
O14964,DB04272
C7C422,DB04272
P08670,DBXXXX1
