,mean_proximity,z-score,p-value,No.of.Targets,Mean_degrees
DB09130,1.88248847926267,-4.17806522260417,1.46999677859385e-05,62,85.9838709677419
DB11638,1.80680272108844,-5.29305320630412,6.01454517473878e-08,63,104.206349206349
DB00147,2,-0.37552340146305,0.353635622935244,1,12
DB00165,2,-0.411019298731303,0.340529191863369,1,12
DB03909,1.91428571428571,-0.969390160588906,0.166175279861851,2,42
DB04770,2,-0.375348487251115,0.353700655037429,1,12
DB04776,2,-0.387941940599185,0.349029499918515,1,12
DB00143,2.08888888888889,-0.24192406908629,0.404419499785964,9,22.1111111111111
DB11942,1.65714285714286,-1.57337359121531,0.0578161691354542,1,232
DB08235,1.93333333333333,-1.59872202377381,0.0549411908762404,6,57.3333333333333
DB08236,1.93333333333333,-1.28799913922168,0.0988731314099641,6,57.3333333333333
DB00157,2.05161290322581,-0.821481869628753,0.205685923541655,31,44.6774193548387
DB12695,1.78201058201058,-4.61064541939266,2.00710360981847e-06,27,128.814814814815
DB00174,1.74285714285714,-1.59365736431327,0.0555063992871292,1,80
DB00605,2.68571428571429,2.15312794172516,0.984345687584193,1,9
DB02021,2.68571428571429,2.29439989671513,0.989116230454037,1,9
DB02383,2.31428571428571,0.921120611476377,0.821506269870911,2,18
DB03461,2.13877551020408,0.444839292237715,0.671782051595092,14,21.7857142857143
DB06246,2.38571428571429,1.4695056861444,0.929152159660684,2,14.5
DB08772,2.68571428571429,1.86284253273387,0.968757787998017,1,9
DB02547,2.51428571428571,1.19771857479544,0.884486702217881,1,8
DB04315,1.95238095238095,-1.65460413212249,0.0490024123907845,9,68.4444444444444
DB01271,1.97142857142857,-0.469471518010145,0.319366319372503,1,30
DB01279,1.97142857142857,-0.59767766958251,0.275027514081338,1,30
DB01133,1.91428571428571,-1.02412435989797,0.15288826992664,2,55.5
DB01969,1.91428571428571,-0.693439921877443,0.244016758090563,1,34
DB01992,1.93333333333333,-1.17052902925048,0.120894069513191,3,31.6666666666667
DB02637,1.91428571428571,-0.763238607616833,0.222660553903819,1,34
DB03182,1.91428571428571,-0.755142613304941,0.225081708490433,1,34
DB03499,1.91428571428571,-0.774046333575417,0.219451695949397,1,34
DB04230,1.91428571428571,-0.787534911438201,0.2154843999569,1,34
DB04272,1.97142857142857,-0.875567848622619,0.190632505177902,3,32
DB14017,1.82857142857143,-1.10511919627153,0.134553971848019,1,90
DB01727,1.8952380952381,-1.49445289973122,0.0675286419319362,3,33
DB14568,1.85714285714286,-0.896872527014583,0.184893470689165,1,43
DB00155,2.04761904761905,-0.326787205991777,0.371914418393359,3,23
DB00213,2.17142857142857,0.238001524650279,0.594060044161035,1,5
DB00736,2.17142857142857,0.390011094963784,0.651735828642373,1,5
DB05351,2.17142857142857,0.155827709204804,0.561915585682934,1,5
DB03147,1.97551020408163,-1.1737146371916,0.120254672698402,7,53.7142857142857
DB05282,1.74285714285714,-1.33047323098844,0.0916812002435864,1,128
DB04009,2.11428571428571,-0.0386527114594711,0.484583637998834,1,7
DB11136,2.11428571428571,0.197670689103473,0.578348638054415,1,7
DB14526,2.11428571428571,-0.0150861847790154,0.493981711329268,1,7
DB14527,2.11428571428571,-0.00163609195534195,0.499347294035583,1,7
DB14528,2.11428571428571,0.129468581909094,0.551506558153658,1,7
DB14529,2.11428571428571,0.0481601176440075,0.519205682603596,1,7
DB14530,2.11428571428571,0.0939938161611332,0.537442965510953,1,7
DB01213,2.88571428571429,2.86765804850973,0.997932388969631,1,8
DB01711,2.88571428571429,3.51061912909563,0.999776467780186,1,8
DB02131,2.88571428571429,3.54252278917913,0.999801840411345,1,8
DB02249,2.88571428571429,3.28028785992551,0.999481493900295,1,8
DB02659,2.13809523809524,0.296858354452969,0.616712674010738,7,23.1428571428571
DB02721,2.88571428571429,2.75515953987167,0.99706682386822,1,8
DB02757,2.88571428571429,3.31132887132983,0.999535729934876,1,8
DB02822,2.88571428571429,4.83799749011963,0.999999344231013,1,8
DB02871,2.88571428571429,3.04192589161955,0.998824651195369,1,8
DB03020,2.88571428571429,2.75427949142767,0.997058924373244,1,8
DB03061,2.88571428571429,3.54392699549982,0.999802892806454,1,8
DB03226,2.88571428571429,3.1681442096091,0.99923292299576,1,8
DB03559,2.88571428571429,2.38799155674188,0.991529634513068,1,8
DB04071,2.88571428571429,2.63015949110327,0.995732759077856,1,8
DB04113,2.88571428571429,2.28642273655953,0.988885230275829,1,8
DB04312,2.88571428571429,4.1359650355758,0.999982326699377,1,8
DB04448,2.88571428571429,3.10241670827004,0.999040262227814,1,8
DB02483,1.85714285714286,-0.968981918804172,0.166277105333463,1,75
DB02701,1.85714285714286,-0.823296621926422,0.205169667086119,1,75
DB03940,1.85714285714286,-1.349115382334,0.0886499540950239,2,83
DB09118,1.85714285714286,-1.39196170196706,0.0819669977987975,2,83
DB00162,2.31428571428571,0.763172308683738,0.777319679489433,1,14
DB00755,2.31428571428571,0.836624934879825,0.798598287419621,1,14
DB04447,1.95714285714286,-0.959330522383107,0.168696131857421,4,50
DB04464,1.99047619047619,-1.01548916373612,0.154936354708606,6,30.6666666666667
DB05412,1.94285714285714,-0.545995110249075,0.292534649196554,1,28
DB00988,1.71428571428571,-1.46823936374253,0.0710196076178709,1,195
DB01064,1.71428571428571,-1.28528852979854,0.09934573844809,1,195
DB01593,2.03809523809524,-0.909072247199273,0.181655995473484,21,56.0952380952381
DB01629,1.71428571428571,-1.42576505066183,0.0769680861468515,1,195
DB03382,1.87142857142857,-1.13332457057923,0.128538988586126,2,103
DB05025,1.71428571428571,-2.01786466170042,0.0218026791542228,1,195
DB09061,1.92,-1.70291732669642,0.0442917705062809,5,76.2
DB14009,1.89714285714286,-1.51858284449526,0.0644337660345824,5,78
DB14011,1.89714285714286,-1.85651904147254,0.031689805744912,5,78
DB14487,2.03809523809524,-0.886231284307992,0.187746454425042,21,56.0952380952381
DB14533,2.01848739495798,-1.14255805573019,0.126611064415053,17,58.9411764705882
DB14548,2.01848739495798,-1.12050066645497,0.13125023437647,17,58.9411764705882
DB01373,1.98571428571429,-1.01056727035782,0.156111793712867,6,39
DB01592,2.21428571428571,0.599162523347051,0.725467744331868,2,10
DB12965,2.38571428571429,1.74132852643047,0.959186995677141,2,5
DB14488,2.21428571428571,0.557397214233912,0.71137196580015,2,10
DB14489,2.21428571428571,0.637516521657349,0.738105774145052,2,10
DB14490,2.21428571428571,0.480498531101054,0.684563526294227,2,10
DB14491,2.21428571428571,0.596102404384893,0.724446590978825,2,10
DB14501,2.21428571428571,0.820753136907721,0.794106551521614,2,10
DB04510,1.84285714285714,-1.36235577940255,0.0865428160594402,2,67.5
DB01717,2.04285714285714,-0.412250531959577,0.340077901328645,2,18
DB02459,2.82857142857143,2.52739000459529,0.994254309296543,1,4
DB04491,2.82857142857143,2.88339225975607,0.998032913991192,1,4
DB06503,2.82857142857143,2.0650867856316,0.980542605241568,1,4
DB00125,1.82857142857143,-1.08696505959812,0.138526125815202,1,47
DB00128,1.9047619047619,-1.18147504000127,0.118707031635788,3,34
DB00171,1.88571428571429,-1.27425602627121,0.101286347642503,2,39
DB00028,2.02857142857143,-0.20144997562563,0.420173370590705,1,23
DB01915,2,-0.801520759337621,0.211415115499415,3,23.3333333333333
DB06492,2.02857142857143,-0.145289266111824,0.442241244602437,1,23
DB01710,2.17142857142857,0.330997736102667,0.629676902204344,1,4
DB01826,2.17142857142857,0.0445744133188652,0.517776731201837,1,4
DB02073,2.15714285714286,0.291265054646825,0.614575694152264,2,6.5
DB02379,2.05714285714286,-0.328544544993469,0.371249984824187,2,13
DB02396,2.17142857142857,0.0966872938487229,0.538512634704593,1,4
DB02528,2.17142857142857,0.17873252238432,0.570926134407368,1,4
DB02646,2.17142857142857,0.265340989105802,0.60462660448456,1,4
DB02671,2.17142857142857,0.647984285348819,0.741502442843789,1,4
DB03366,2.03809523809524,-0.450815611197179,0.326061224448267,3,20
DB03385,2.17142857142857,0.225605601327923,0.589245908031998,1,4
DB03399,2.17142857142857,0.28801274086416,0.613331507041416,1,4
DB04050,2.17142857142857,0.542579859711623,0.706290445506769,1,4
DB04337,2.17142857142857,0.620358584431642,0.732489133651447,1,4
DB09112,2.17142857142857,0.284150521897773,0.611852484497494,1,4
DB11588,2.17142857142857,0.241741893103186,0.595509916952325,1,4
DB00515,2.31428571428571,0.864036299162051,0.80621602484165,1,14
DB00677,2.31428571428571,0.595559962025247,0.724265384728022,1,14
DB01370,2.08571428571429,-0.132931429147283,0.447123805304228,2,40.5
DB06757,2.08571428571429,-0.179957580145634,0.428592935291013,2,37
DB11397,2.31428571428571,0.55577618605428,0.710818066490041,1,14
DB14517,2.08571428571429,0.0131284234325871,0.505237332734654,2,40.5
DB14518,2.08571428571429,-0.111122247824652,0.455759703392397,2,40.5
DB02512,1.85714285714286,-1.07382589035522,0.141450361862658,1,90
DB04326,1.85714285714286,-1.24807196245874,0.106002352437085,2,76.5
DB04733,1.85714285714286,-0.915788191553572,0.179888999078609,1,90
DB08240,1.85714285714286,-0.842420230480383,0.199776386508363,1,90
DB09131,2.11428571428571,-0.0794516089330889,0.468336710176122,1,20
DB00288,1.88571428571429,-0.803154756609712,0.210942646046854,1,49
DB00591,1.96428571428571,-1.00942458946872,0.15638552529975,4,30
DB00741,1.88571428571429,-0.672302052260757,0.2506957117601,1,49
DB00959,1.88571428571429,-0.815763039377073,0.207317838161352,1,49
DB01013,1.88571428571429,-0.919812988827522,0.178835247275363,1,49
DB01222,1.88571428571429,-0.817914559567329,0.206702988043709,1,49
DB01234,1.88571428571429,-0.875458521445181,0.190662234826356,1,49
DB14538,1.88571428571429,-0.89475587958478,0.185458800106854,1,49
DB14539,1.88571428571429,-0.896530200778098,0.184984828975464,1,49
DB14540,1.88571428571429,-0.941415434685621,0.173246003486182,1,49
DB14541,1.88571428571429,-0.8880520642494,0.18725637302994,1,49
DB14542,1.88571428571429,-0.880189324343021,0.189378377905131,1,49
DB14543,1.88571428571429,-0.874060055494969,0.191042774601704,1,49
DB14544,1.88571428571429,-1.05555364810682,0.145586093554362,1,49
DB14631,1.88571428571429,-0.815770238794268,0.20731577894821,1,49
DB14649,1.88571428571429,-0.823986724778169,0.204973550501014,1,49
DB14669,1.88571428571429,-0.841643780558505,0.199993687762506,1,49
DB02059,1.6,-2.88882894650271,0.00193339677255501,2,166.5
DB03893,1.6,-2.03709733390681,0.0208201445152425,1,175
DB07347,1.6,-1.86321310027471,0.0312161452434545,1,175
DB09092,1.82857142857143,-2.06917248873801,0.019264951685223,5,88.8
DB02570,1.97142857142857,-0.588663837082116,0.27804340066091,1,40
DB06094,1.77142857142857,-1.3232894483624,0.0928695696609803,1,113
DB00390,1.85714285714286,-1.10654996664748,0.134244274746586,1,67
DB00511,1.85714285714286,-0.891165394064453,0.186420223342064,1,67
DB00774,1.85714285714286,-1.01106373077901,0.155992964028562,1,67
DB00903,1.97142857142857,-0.672579664399361,0.25060737131314,2,43.5
DB01021,1.85714285714286,-0.917713818188248,0.179384355720643,1,67
DB01078,1.85714285714286,-1.09779343346742,0.13614734974032,1,67
DB01092,1.85714285714286,-0.978536693132043,0.163904476302775,1,67
DB01119,1.85714285714286,-1.10840826701656,0.133842768106612,1,67
DB01158,1.85714285714286,-0.935540358422093,0.17475494731516,1,67
DB01188,1.85714285714286,-0.974863676105561,0.164813943105738,1,67
DB01244,1.85714285714286,-1.03905011767351,0.149390714142954,1,67
DB01345,1.85714285714286,-0.899462591864564,0.184203156304802,1,67
DB01378,1.85714285714286,-0.87297997117937,0.191336997381706,1,67
DB01396,1.85714285714286,-1.07334856773363,0.141557375825185,1,67
DB01430,1.85714285714286,-1.10033978355669,0.13559205219195,1,67
DB06157,1.91428571428571,-0.912854857128255,0.180659441225755,2,44
DB13996,1.85714285714286,-1.00822272624515,0.156673775023117,1,67
DB14498,1.85714285714286,-0.957642157270652,0.169121616721771,1,67
DB14499,1.85714285714286,-0.989740028877395,0.161150602120669,1,67
DB14500,1.85714285714286,-0.89194060708784,0.186212383883946,1,67
DB14514,1.85714285714286,-0.943625423125306,0.172680547970818,1,67
DB14515,1.85714285714286,-0.905011715953989,0.182729590205607,1,67
DB00536,2.05714285714286,-0.228003385639786,0.409821804241038,1,27
DB00822,2.05714285714286,-0.163574059963351,0.435033233384593,1,27
DB02115,2.05714285714286,-0.174337341555372,0.430800177125339,1,27
DB04381,2.05714285714286,-0.203068374716983,0.419540795015748,1,27
DB02621,1.82857142857143,-0.989875295701445,0.161117537919387,1,62
DB04216,1.75714285714286,-3.28800535912872,0.000504499593818823,8,135.75
DB07384,1.76190476190476,-2.32985166048624,0.00990699632868978,3,130.333333333333
DB07394,1.76190476190476,-2.10144963959855,0.0178007571752934,3,130.333333333333
DB08399,1.76190476190476,-2.50103670143712,0.00619151724255576,3,130.333333333333
DB08629,1.76190476190476,-2.29870700225453,0.0107607913235307,3,130.333333333333
DB11093,2.13571428571429,0.0245420373658438,0.509789873583496,8,33.625
DB11348,2.13571428571429,0.193258315378271,0.576621664812469,8,33.625
DB14481,2.13571428571429,0.295858099909823,0.616330774650472,8,33.625
DB02007,1.88571428571429,-1.33811546113012,0.0904294007277703,2,42.5
DB02076,1.88571428571429,-1.25307144514611,0.105089853441743,2,51.5
DB02093,1.82857142857143,-1.04480773295832,0.148055920082295,1,63
DB02548,1.82857142857143,-1.1437399353407,0.126365753116078,1,63
DB03042,1.82857142857143,-1.09372852467169,0.137037029990397,1,63
DB03581,1.82857142857143,-1.04051135202396,0.149051196372461,1,63
DB03937,1.82857142857143,-1.04027563847513,0.149105929516297,1,63
DB04493,1.9,-1.22311683173386,0.110642786068787,2,41
DB03381,2,-0.402022739778923,0.343833645507599,1,34
DB02401,1.85714285714286,-0.983764460443837,0.16261566865898,1,91
DB03310,2.04285714285714,-0.486415152745494,0.313336424642442,4,24.5
DB03615,1.88571428571429,-0.887416772339026,0.187427278373902,1,89
DB00071,2.17142857142857,0.35888793915821,0.640160538716695,1,24
DB02216,2.17142857142857,0.361066623332448,0.640975178357461,1,24
DB03028,2.17142857142857,0.246252531277761,0.597256623418478,1,24
DB03096,2.17142857142857,0.237473101772975,0.593855107941213,1,24
DB07542,2.17142857142857,0.357846614744287,0.639770948082593,1,24
DB08740,2.17142857142857,0.327921029272188,0.628514313469223,1,24
DB04276,1.82857142857143,-1.09701921527335,0.136316496187299,1,39
DB04653,1.82857142857143,-0.970028670749995,0.166016100619175,1,39
DB07627,1.82857142857143,-1.24689466719599,0.106218061188511,1,39
DB00361,1.62857142857143,-1.74699740162347,0.0403188944154768,1,242
DB00541,1.62857142857143,-1.808770906912,0.0352433009321689,1,242
DB00570,1.62857142857143,-1.70250717559283,0.0443301672482775,1,242
DB01179,1.62857142857143,-2.99398151575322,0.00137681313069081,1,242
DB01394,1.62857142857143,-1.89701426376354,0.0289130277849344,1,242
DB01873,1.71428571428571,-2.07255553372963,0.0191068314657419,2,171.5
DB03010,1.71428571428571,-1.89875092357199,0.0287986162937748,2,171.5
DB05147,1.72380952380952,-2.56955478784825,0.00509146442369306,3,150
DB05284,1.62857142857143,-1.90455461096323,0.0284189957189428,1,242
DB06042,1.62857142857143,-1.7935100978841,0.0364456987310686,1,242
DB06137,1.62857142857143,-1.72197934511501,0.0425366300901234,1,242
DB11641,1.62857142857143,-1.93083169751784,0.0267519345369789,1,242
DB11731,1.62857142857143,-1.72129521286818,0.0425986338661686,1,242
DB12334,1.62857142857143,-1.77159389584495,0.0382309968517148,1,242
DB15534,1.62857142857143,-1.79049578044472,0.0366871224916881,1,242
DB01966,2.05714285714286,-0.19077852887456,0.424349555593372,1,12
DB07908,1.85714285714286,-0.93984845578291,0.173647649848441,1,51
DB00173,2.05714285714286,-0.127826729834017,0.449143048118585,1,16
DB01632,2.05714285714286,-0.271407485556651,0.393038822700743,1,16
DB03506,2.05714285714286,-0.282449901555592,0.3887992779959,1,16
DB00142,2.02857142857143,-0.584244030278896,0.279528071083658,4,42.75
DB00172,2.31428571428571,1.14284514103191,0.873448553575683,4,62.75
DB02510,1.65714285714286,-1.6043609796273,0.0543172534128976,1,134
DB02684,1.65714285714286,-1.7838899692107,0.0372207730826258,1,134
DB03376,1.65714285714286,-1.49367923876522,0.0676297387383444,1,134
DB02108,2.02857142857143,-0.228655794222984,0.409568227811148,1,24
DB02148,2.02857142857143,-0.283236506609831,0.388497772697515,1,24
DB02685,2.02857142857143,-0.259537647414028,0.397610219213603,1,24
DB02855,2.02857142857143,-0.142882035687494,0.443191673217965,1,24
DB03329,2.02857142857143,-0.276723083029573,0.390996373031003,1,24
DB03588,2.02857142857143,-0.253453331326966,0.399958960083821,1,24
DB04126,2.07142857142857,-0.173662687496974,0.431065281469304,2,17
DB04579,2.02857142857143,-0.351608913708651,0.362565789700615,1,24
DB07160,2.02857142857143,-0.215474867677547,0.414698552273001,1,24
DB07219,2.02857142857143,-0.286406608904743,0.387283356726169,1,24
DB07223,2.02857142857143,-0.311723140036902,0.377625470206706,1,24
DB07224,2.02857142857143,-0.407345196217965,0.341877236104075,1,24
DB07225,2.02857142857143,-0.0841788008371419,0.466457136418489,1,24
DB07231,2.02857142857143,-0.366204521635328,0.357106234210305,1,24
DB00615,1.7,-2.1066526902345,0.0175738479444344,2,165
DB00716,1.54285714285714,-2.30456195431696,0.010595559404338,1,242
DB02359,1.54285714285714,-2.51856749745069,0.00589166482321593,1,242
DB02424,1.66666666666667,-2.65940378689213,0.00391395421420686,3,180.333333333333
DB02550,1.54285714285714,-1.87512093842936,0.0303880438042459,1,242
DB02754,1.57142857142857,-2.47622543180816,0.00663898550929464,2,226.5
DB02840,1.54285714285714,-2.12894515701454,0.0166293990523065,1,242
DB03093,1.54285714285714,-2.0088792081323,0.0222749727154208,1,242
DB03137,1.54285714285714,-2.14884536428129,0.015823330000582,1,242
DB03504,1.54285714285714,-2.50482903695099,0.00612552973223087,1,242
DB03749,1.54285714285714,-2.11848428002038,0.0170670374290363,1,242
DB03809,1.54285714285714,-2.4831804972676,0.006510754427268,1,242
DB03899,1.54285714285714,-1.84789510998497,0.032308759042731,1,242
DB04054,1.54285714285714,-2.12371348813843,0.0168470544116698,1,242
DB04254,1.54285714285714,-2.19203431275864,0.0141885145585849,1,242
DB04505,1.54285714285714,-2.20109363671352,0.0138646978386604,1,242
DB04588,1.54285714285714,-2.42968146717266,0.00755604884093383,1,242
DB05134,1.57142857142857,-3.02593556537681,0.00123932558759415,2,226.5
DB06070,1.57142857142857,-3.24048639218196,0.000596629837124919,2,226.5
DB06956,1.54285714285714,-1.89282855203138,0.0291903366226965,1,242
DB06957,1.54285714285714,-2.40625345199019,0.00805853937284369,1,242
DB06958,1.54285714285714,-2.14219451095909,0.0160889165173228,1,242
DB06961,1.54285714285714,-2.30943288451976,0.0104597859937488,1,242
DB06964,1.54285714285714,-1.65278731868231,0.0491870779346215,1,242
DB06969,1.54285714285714,-2.28608842606721,0.0111245429772216,1,242
DB07100,1.54285714285714,-2.72207320802291,0.00324368846916531,1,242
DB07317,1.54285714285714,-2.06876785125,0.0192839383006925,1,242
DB07319,1.54285714285714,-2.25044958706568,0.0122102101335828,1,242
DB07324,1.54285714285714,-1.97572908844889,0.0240927342738784,1,242
DB07325,1.54285714285714,-2.48996699271532,0.00638774796762125,1,242
DB07495,1.54285714285714,-1.91251263075128,0.0279052370568243,1,242
DB07502,1.54285714285714,-2.10071545050974,0.0178329761070502,1,242
DB07594,1.57142857142857,-3.15348677540683,0.000806662690622498,2,226.5
DB07601,1.54285714285714,-2.17335289474052,0.0148768836316,1,242
DB07877,1.57142857142857,-3.16626250686693,0.000772056888265624,2,226.5
DB08194,1.54285714285714,-2.40261014689355,0.00813926568041273,1,242
DB08197,1.54285714285714,-2.26163205978785,0.0118600727602209,1,242
DB08436,1.54285714285714,-1.84215274559559,0.032726405150534,1,242
DB08442,1.54285714285714,-1.78102505913479,0.037454178529808,1,242
DB08443,1.54285714285714,-2.05436624828745,0.0199701286037275,1,242
DB08557,1.54285714285714,-1.98421301846303,0.0236160489355967,1,242
DB08786,1.54285714285714,-2.28526781607746,0.0111485644301333,1,242
DB08787,1.54285714285714,-2.26483621288246,0.0117613661475746,1,242
DB08788,1.54285714285714,-2.30465881445825,0.0105928446131165,1,242
DB08789,1.54285714285714,-2.33665971591702,0.00972844237657656,1,242
DB09221,1.57142857142857,-2.88127452734372,0.00198035249626132,2,226.5
DB12442,1.54285714285714,-2.64798803116568,0.00404861959591649,1,242
DB03758,1.72857142857143,-1.90593695824035,0.0283291926468609,2,149.5
DB08045,1.6,-1.73781830631948,0.0411214169841769,1,211
DB08153,1.6,-2.00456234663629,0.0225049277043747,1,211
DB08292,1.6,-1.84791810043971,0.0323070958132641,1,211
DB08293,1.6,-2.17188588195871,0.0149321358111272,1,211
DB08346,1.6,-2.03629394974566,0.020860423505107,1,211
DB08464,1.72857142857143,-2.47031333937688,0.00674973748956011,2,149.5
DB08465,1.72857142857143,-1.98388239096081,0.0236344761976904,2,149.5
DB04141,1.85238095238095,-2.24090748776374,0.0125160340658173,6,64.1666666666667
DB04799,1.86857142857143,-1.84448468105892,0.0325562681592983,5,57.2
DB07401,1.86857142857143,-2.04948150672171,0.0202075271879439,5,57.2
DB07636,1.91428571428571,-1.4812300866173,0.0692726357103788,3,54
DB07763,1.86857142857143,-1.71143875506731,0.0435000740291044,5,57.2
DB07778,1.86857142857143,-1.94033002939324,0.026169797067557,5,57.2
DB08330,1.86857142857143,-2.07827198394659,0.0188421576629044,5,57.2
DB08453,1.86857142857143,-1.71964791933667,0.0427482300296067,5,57.2
DB08690,1.86857142857143,-1.97766925263295,0.0239830155542213,5,57.2
DB02497,1.91428571428571,-0.829450959666325,0.203424637863417,1,36
DB02846,1.91428571428571,-0.798331389473677,0.21233910350756,1,36
DB02929,1.91428571428571,-0.745464616467979,0.22799544693476,1,36
DB03484,1.91428571428571,-0.63387145018024,0.263082359475632,1,36
DB03935,1.91428571428571,-0.678679603739539,0.248670446146958,1,36
DB03959,1.91428571428571,-0.825256876946614,0.204612884300594,1,36
DB03981,1.91428571428571,-0.729392830914465,0.232880700935494,1,36
DB04985,1.62857142857143,-2.6534683191359,0.00398346244836239,1,122
DB02175,1.97142857142857,-0.455834657812005,0.324254439864552,1,72
DB00197,2.08571428571429,-0.235677366905474,0.406841516910679,1,20
DB00363,2.08571428571429,-0.013639805902334,0.494558673450916,1,20
DB01242,2.08571428571429,-0.0482272541530209,0.480767564890557,1,20
DB01834,2.08571428571429,-0.110655945580227,0.455944590845627,1,20
DB02633,2.1,-0.187771056771806,0.425528062757925,2,13
DB03003,2.08571428571429,-0.212234907386267,0.415961887421082,1,20
DB03619,2.08571428571429,-0.148246000715119,0.441074314768776,1,20
DB03686,2.08571428571429,-0.0860514305356671,0.465712766578431,1,20
DB03814,1.99047619047619,-0.805297242688393,0.210324086277753,3,38
DB04132,2.08571428571429,-0.131694839335982,0.447612833789201,1,20
DB04339,2.08571428571429,0.102687491633853,0.540894499304626,1,20
DB04972,2.08571428571429,0.0611628517899083,0.524385242852024,1,20
DB05460,2.08571428571429,-0.202060344227602,0.419934774549007,1,20
DB07849,2.08571428571429,-0.144193082781556,0.442674001502947,1,20
DB08370,2.08571428571429,-0.00930164310786036,0.49628923479673,1,20
DB11672,2.12857142857143,0.0204857126060752,0.508172045312608,2,18
DB11831,2.08571428571429,-0.158840956172302,0.436897090031632,1,20
DB13014,2.08571428571429,-0.0311587847797415,0.487571454461362,1,20
DB14635,2.12857142857143,0.16982950887077,0.567427890349983,2,18
DB03345,1.77142857142857,-1.43720348197983,0.0753300919577472,1,68
DB04396,1.77142857142857,-1.38084283979925,0.0836636441175221,1,68
DB00131,1.94285714285714,-1.01937363487778,0.154012809004958,2,34
DB02778,1.97142857142857,-0.470920127383807,0.318848887087971,1,19
DB02848,1.97142857142857,-0.491834960473565,0.311418009851163,1,19
DB04175,1.97142857142857,-0.525997737400685,0.29944488951591,1,19
DB05053,1.97142857142857,-0.499632202509123,0.308667039374015,1,19
DB05518,1.97142857142857,-0.489384069904129,0.312284905979509,1,19
DB07270,1.97142857142857,-0.548381473618135,0.291714997351945,1,19
DB07312,1.97142857142857,-0.527608201620316,0.298885649663074,1,19
DB07321,1.97142857142857,-0.562472928786932,0.28689692146447,1,19
DB08484,1.97142857142857,-0.408311029177879,0.341522671542476,1,19
DB02140,2.11428571428571,0.107590174385108,0.542839604274692,1,10
DB03120,2.11428571428571,0.0602688342409245,0.524029238259352,1,10
DB08526,2.11428571428571,-0.0273447302925575,0.489092390289335,1,10
DB12893,2.37142857142857,1.33470802178748,0.909014036458059,2,24.5
DB01197,1.94285714285714,-0.705787573196687,0.24016012558807,1,26
DB02062,1.94285714285714,-0.555320073575735,0.289337875494032,1,26
DB02352,1.94285714285714,-0.703646772920526,0.240826387745326,1,26
DB03424,1.94285714285714,-0.58588435350462,0.278976616255005,1,26
DB05177,1.94285714285714,-0.573809538325775,0.2830483467303,1,26
DB06828,1.94285714285714,-0.601879203489641,0.273627274174473,1,26
DB06851,1.94285714285714,-0.680616367682091,0.248057133717539,1,26
DB06917,1.94285714285714,-0.746798048225682,0.227592736967599,1,26
DB07094,1.94285714285714,-0.611228566828956,0.270524136955814,1,26
DB07099,1.94285714285714,-0.624311152858225,0.266211630444213,1,26
DB07102,1.94285714285714,-0.587245906482654,0.278519282558766,1,26
DB07104,1.94285714285714,-0.563259463180172,0.286629108532186,1,26
DB07196,1.94285714285714,-0.614897703367671,0.269311139816377,1,26
DB07237,1.94285714285714,-0.72630948630256,0.233824532597151,1,26
DB07258,1.94285714285714,-0.667875728603935,0.25210646083438,1,26
DB07259,1.94285714285714,-0.52165056938683,0.300956823514977,1,26
DB07260,1.94285714285714,-0.603419343744396,0.273114878516473,1,26
DB07292,1.94285714285714,-0.541253287793657,0.294166506339895,1,26
DB08040,1.94285714285714,-0.646239735697194,0.259062054759601,1,26
DB08466,1.94285714285714,-0.653978800076725,0.256562732010104,1,26
DB11781,1.98571428571429,-0.650217090656686,0.257776001471406,2,20.5
DB00025,1.8,-2.66387007072041,0.00386236962666091,4,118
DB00945,1.51428571428571,-2.32794862980843,0.00995741578705403,1,257
DB13998,1.8,-2.04981153842242,0.0201914126029816,4,118
DB13999,1.8,-2.30735451823259,0.0105175322736958,4,118
DB01196,1.98571428571429,-0.722783928793955,0.234906321256528,2,21
DB01229,1.97142857142857,-0.629834043753518,0.264401584714557,2,28
DB01248,1.97142857142857,-0.775803298881144,0.218932567928217,2,28
DB01254,1.6,-2.10205964165079,0.0177740258113222,1,265
DB07045,1.6,-2.52816673776288,0.00573299419878284,1,265
DB00114,1.92857142857143,-0.974454920138043,0.164915355915711,2,33
DB03496,2,-0.423663616883878,0.335905576359476,1,14
DB03085,1.94285714285714,-0.583981180583323,0.279616486828784,1,34
DB05107,1.94285714285714,-0.573004858839958,0.283320702063246,1,34
DB00116,1.87619047619048,-1.4655108272779,0.0713908002686012,3,48.6666666666667
DB02358,1.91428571428571,-0.779926557000337,0.217717052849032,1,39
DB04322,1.91428571428571,-0.82017013007505,0.206059563711394,1,39
DB08373,2.14285714285714,0.00776234703466735,0.503096697329163,1,3
DB03017,2.11428571428571,0.0201520214595669,0.508038949283894,1,17
DB03704,2.11428571428571,0.083980037554493,0.533463848291907,1,17
DB04153,2.11428571428571,0.122500919715011,0.548748841174104,1,17
DB00720,1.65714285714286,-2.14462315855261,0.015991494574669,1,165
DB01077,1.74285714285714,-1.97665013818697,0.0240405952902689,2,127.5
DB00148,1.94285714285714,-0.726828324877973,0.233665564572532,1,33
DB13191,1.94285714285714,-0.606608840829646,0.272055265859929,1,33
DB03994,2.02857142857143,-0.292553948645785,0.384931558979977,1,10
DB09095,2.02857142857143,-0.310386028358353,0.37813370880813,1,10
DB06773,1.88571428571429,-1.0046802660966,0.157525416714596,1,80
DB03223,1.6,-2.37995146080895,0.00865745932480674,1,158
DB08348,1.6,-1.83448282320952,0.0332911776171064,1,158
DB11823,1.6,-2.03254950370955,0.0210490287884933,1,158
DB12688,1.6,-1.75153800763822,0.0399266401559799,1,158
DB05798,2.02857142857143,-0.360827109593304,0.359114347807247,1,20
DB00282,2.05714285714286,-0.167659357390282,0.433425635804078,1,21
DB00399,2.05714285714286,-0.181100146378661,0.428144484851766,1,21
DB00630,1.94285714285714,-0.913516727805836,0.180485419960867,2,55.5
DB00710,2.05714285714286,-0.183356938753288,0.427258980455794,1,21
DB00884,2.05714285714286,-0.25278011585273,0.400219067025184,1,21
DB01785,2.05714285714286,-0.148851341809724,0.440835468482851,1,21
DB02508,2.05714285714286,-0.0819840689352172,0.467329690976474,1,21
DB02552,2.05714285714286,-0.19097304584864,0.424273355391513,1,21
DB04714,2.05714285714286,-0.187953179306317,0.425456677233843,1,21
DB06255,2.01428571428571,-0.526686150209291,0.299205777482264,2,38.5
DB06548,2.05714285714286,-0.239541046970691,0.405343035913649,1,21
DB07780,2.05714285714286,-0.123249593095329,0.45095472764294,1,21
DB07841,2.05714285714286,-0.111999597369608,0.455411862907729,1,21
DB00119,1.71428571428571,-1.34162315094029,0.0898591079227852,1,89
DB01733,1.71428571428571,-1.64884100701099,0.0495901057392589,1,89
DB02726,1.78571428571429,-1.87426037136894,0.0304472733536761,2,76
DB07628,1.71428571428571,-1.42903133137332,0.0764976141922603,1,89
DB07692,1.71428571428571,-1.56191039297958,0.0591545498880079,1,89
DB07697,1.71428571428571,-1.50119890040769,0.0666520621468718,1,89
DB02103,1.85714285714286,-0.988584400088213,0.161433260888674,1,88
DB02935,1.85714285714286,-1.01952406148191,0.153977117997151,1,88
DB03719,1.85714285714286,-0.973692099949305,0.165104720505637,1,88
DB00130,1.97142857142857,-0.621700700507502,0.267069345464799,1,17
DB00170,2.11428571428571,0.0921033952416932,0.536692054545841,1,6
DB00266,2.05714285714286,0.001576329087278,0.500628864060307,2,10.5
DB01927,2.11428571428571,0.174481228807232,0.56925635913376,1,6
DB02395,2.11428571428571,-0.11931959054089,0.452511081683678,1,6
DB02400,2.11428571428571,0.132726624399949,0.552795207038546,1,6
DB03626,2.11428571428571,0.126687561383323,0.550406154456877,1,6
DB04090,2.11428571428571,0.302768258812163,0.618966762742758,1,6
DB04392,2.11428571428571,0.045861354560598,0.518289621829369,1,6
DB07385,2.11428571428571,0.0946192216401955,0.537691359163596,1,6
DB06584,2.02857142857143,-0.394203317845341,0.346715468165722,1,32
DB02709,2.13571428571429,0.313181992659387,0.62292880072544,4,34.5
DB08492,2.54285714285714,1.65993405161653,0.951536139861772,1,5
DB01698,2.52857142857143,2.26212504338938,0.988155160635859,2,10
DB03394,2.17142857142857,-0.0292562666841358,0.48833010304422,1,16
DB03556,2.17142857142857,0.560586835396316,0.712460385998209,1,16
DB04463,2.17142857142857,-0.00192616022197163,0.499231573723784,1,16
DB05319,2.45714285714286,1.63716862598754,0.949202379711296,1,9
DB05831,2.45714285714286,1.16903895191794,0.878806030960221,1,9
DB06607,2.45714285714286,1.44206555261289,0.92535805914086,1,9
DB09336,2.45714285714286,1.79163611619925,0.963404363054107,1,9
DB11075,2.45714285714286,1.37552711466085,0.915515957279051,1,9
DB03247,2.04285714285714,-0.342430625830487,0.366013421983893,2,11.5
DB01189,2.01428571428571,-0.591703957754995,0.27702442292086,2,14.5
DB01827,1.97142857142857,-0.462817082304027,0.321747742886827,1,64
DB04465,1.97142857142857,-0.614412389973287,0.269471425204756,1,64
DB04395,1.80952380952381,-2.03188803400842,0.0210824960984704,3,114.666666666667
DB06266,1.94285714285714,-0.655100675728464,0.256201468529533,1,22
DB00182,2.22857142857143,0.58087088051241,0.719336260357845,1,9
DB00191,2.22857142857143,0.716173111137566,0.76305776798847,1,9
DB00721,2.22857142857143,0.359833094233158,0.640514023507002,1,9
DB00752,2.22857142857143,0.603741636498725,0.726992286201111,1,9
DB00780,2.22857142857143,0.438966969332684,0.669657264934164,1,9
DB00805,2.22857142857143,0.741797714644989,0.770895047280973,1,9
DB00909,2.22857142857143,0.399325382699239,0.655173266697581,1,9
DB01037,2.22857142857143,0.576046781436913,0.717708219263837,1,9
DB01168,2.22857142857143,0.428427926555563,0.665830201843346,1,9
DB01171,2.22857142857143,0.474982025864559,0.682600107666292,1,9
DB01247,2.22857142857143,0.30483328774814,0.61975343629996,1,9
DB01363,2.22857142857143,0.399444172077008,0.655217024036975,1,9
DB01442,2.22857142857143,0.234484057782349,0.592695395857167,1,9
DB01472,2.22857142857143,0.822652499386188,0.794647182658181,1,9
DB01577,2.22857142857143,0.354647764993797,0.638573256100395,1,9
DB01626,2.22857142857143,0.382181291033467,0.648836550971634,1,9
DB04017,2.22857142857143,0.4695801596902,0.680672498832506,1,9
DB04820,2.2,0.465248960247847,0.67912340957627,2,9
DB04821,2.22857142857143,0.24109608699476,0.595259677266208,1,9
DB04832,2.22857142857143,0.497640157310679,0.690631152915038,1,9
DB04850,2.22857142857143,0.304848327791926,0.619759163998147,1,9
DB05205,2.22857142857143,0.701093435675801,0.758377646666961,1,9
DB07641,2.22857142857143,0.669288745325585,0.748344347618917,1,9
DB07919,2.22857142857143,0.474310880981694,0.682360883305694,1,9
DB09244,2.22857142857143,0.636898054072602,0.737904374810842,1,9
DB09245,2.22857142857143,0.364283388332004,0.642176798432071,1,9
DB13876,2.22857142857143,0.556891663013494,0.71119927445719,1,9
DB14914,2.22857142857143,1.2879065742943,0.901110756651804,1,9
DB01375,1.81904761904762,-1.93263024316586,0.0266408820208118,3,76.3333333333333
DB05398,2.11428571428571,0.0146478209006917,0.505843426112677,1,17
DB00118,2.17142857142857,0.117843439555732,0.546904145231482,1,9
DB00323,2.17142857142857,0.248509531123668,0.598129901716682,1,9
DB00494,2.17142857142857,0.178148730607094,0.570696913706689,1,9
DB02105,2.17142857142857,0.413698452293738,0.660452519645633,1,9
DB02342,2.17142857142857,0.32688520843283,0.628122645486266,1,9
DB03336,2.17142857142857,0.24420029284773,0.596462149864709,1,9
DB03907,2.17142857142857,0.415460229171756,0.66109748816817,1,9
DB07462,2.17142857142857,0.365087525132963,0.642476963667385,1,9
DB08049,2.17142857142857,0.64259069177553,0.739755137737226,1,9
DB11632,2.17142857142857,0.136358620625051,0.554231107985584,1,9
DB11254,2,-0.366902494343389,0.356845875401395,1,31
DB01752,2.08571428571429,-0.0636908121526099,0.474608210367147,1,26
DB04119,1.88571428571429,-0.834518725036259,0.201994370043384,1,82
DB00382,NA,NA,NA,1,0
DB00454,NA,NA,NA,1,0
DB00583,NA,NA,NA,1,0
DB00647,NA,NA,NA,1,0
DB00907,NA,NA,NA,1,0
DB01183,NA,NA,NA,1,0
DB01452,NA,NA,NA,1,0
DB01599,NA,NA,NA,1,0
DB02161,NA,NA,NA,1,0
DB03056,NA,NA,NA,1,0
DB03721,NA,NA,NA,1,0
DB04795,1.77142857142857,-1.99996240737431,0.0227521616866758,2,49.5
DB04838,NA,NA,NA,1,0
DB06442,NA,NA,NA,1,0
DB07821,2,-0.552809827802664,0.290196819079303,2,8
DB08224,NA,NA,NA,1,0
DB00150,1.91428571428571,-0.745753179565938,0.227908263972638,1,33
DB01831,1.91428571428571,-0.889207546636897,0.186945773879089,1,33
DB04537,1.91428571428571,-0.579304986808284,0.28119170062801,1,33
DB03216,1.97142857142857,-0.503776541207599,0.307209207190071,1,40
DB03273,1.97142857142857,-0.37705250144441,0.353067294395931,1,40
DB03769,1.97142857142857,-0.449335317006231,0.326594892253053,1,40
DB04147,1.84285714285714,-1.3573014399828,0.0873427249953671,2,85.5
DB01159,2.05714285714286,-0.366122674362698,0.357136769362715,1,8
DB00795,1.94285714285714,-0.523948906166871,0.300157038848,1,32
DB08515,1.85714285714286,-1.09779578587642,0.136146836019404,1,61
DB01003,2.31428571428571,0.982204908382554,0.837000545021821,1,21
DB00831,1.94285714285714,-0.630642254008794,0.26413723216432,1,49
DB00161,1.88571428571429,-0.76525966125584,0.222058469714956,1,51
DB04967,1.88571428571429,-0.804913121050953,0.21043490808312,1,60
DB00031,1.87142857142857,-1.45216945598395,0.0732272466418517,2,85.5
DB01065,1.97142857142857,-0.578297308250572,0.28153170570883,1,67
DB06245,1.87142857142857,-1.23315233783523,0.10875946690042,2,85.5
DB02386,2.11428571428571,0.0116445229351066,0.50464538755186,1,18
DB07448,2.11428571428571,-0.0858831403500438,0.465779657018845,1,18
DB08766,2.11428571428571,-0.0224126173434532,0.491059407847949,1,18
DB00768,2.14285714285714,0.185045796337321,0.573403442245418,1,21
DB03929,2.31428571428571,0.727943091559333,0.766675788336431,1,16
DB04522,2.31428571428571,0.65389281335266,0.74340956782517,1,16
DB00140,2.14285714285714,0.0581855541159797,0.523199586313878,1,9
DB04345,2.14285714285714,-0.00538364418270068,0.497852247087833,1,9
DB04363,2.14285714285714,0.0425893405636369,0.516985553610227,1,9
DB00995,1.97142857142857,-0.473072020018614,0.318080899017958,1,36
DB03608,1.97142857142857,-0.583095295810431,0.279914575172052,1,36
DB02563,1.91428571428571,-0.699516839076048,0.242114546631916,1,42
DB02910,1.91428571428571,-0.695508405159205,0.243368372804984,1,42
DB03059,1.98571428571429,-0.587074281298392,0.278576909830069,2,29
DB04117,1.91428571428571,-0.606610696891406,0.272054649835913,1,42
DB09568,1.94285714285714,-1.22440406437931,0.110399918419703,3,63.3333333333333
DB00441,2.08571428571429,-0.114551610630723,0.454400268123831,1,8
DB03403,2.08571428571429,-0.0151403835978071,0.493960091598144,1,8
DB03435,2.08571428571429,-0.195386139518338,0.422545333283989,1,8
DB03664,2.08571428571429,-0.0591618256589152,0.476411607534624,1,8
DB04444,2.22857142857143,0.845544838240557,0.801096645419854,3,11
DB02506,1.78571428571429,-1.58364442042184,0.0566373296779192,2,117.5
DB06905,1.78571428571429,-1.59468073440377,0.0553918241845825,2,117.5
DB05540,1.91428571428571,-0.745095341368979,0.22810704260285,1,23
DB04657,1.77142857142857,-1.31998097044709,0.0934206857706385,1,99
DB08689,1.77142857142857,-1.33675782947704,0.0906508492520366,1,99
DB09270,1.77142857142857,-1.28256123376235,0.0998229195326995,1,99
DB04741,1.85714285714286,-0.85009946161305,0.197634895466276,1,43
DB00563,1.85714285714286,-0.787009773660232,0.215638072386147,1,55
DB00642,1.85714285714286,-1.04150680399987,0.148820198522912,1,55
DB01700,1.85714285714286,-1.01901122844943,0.154098817938813,1,55
DB01972,1.88571428571429,-1.00092190709281,0.15843228223125,2,52
DB02309,1.85714285714286,-0.864659311320625,0.193612904114171,1,55
DB03442,1.85714285714286,-0.8665374078515,0.193097760755012,1,55
DB04057,1.85714285714286,-1.08735956645348,0.138438966553623,1,55
DB02482,1.97142857142857,-0.526044116937131,0.299428777411827,1,63
DB02153,1.91428571428571,-0.741765970355175,0.229114570890554,1,53
DB04048,1.91428571428571,-0.638300807086088,0.261638943363671,1,53
DB00145,1.85714285714286,-0.944050787022288,0.172571848023177,1,52
DB02078,2,-0.446211383443276,0.327722280441955,1,30
DB02580,2,-0.46514075471866,0.320915331126766,1,30
DB03904,1.82857142857143,-0.912504267306447,0.180751662091594,1,116
DB15495,1.81428571428571,-1.53463853381779,0.0624363209195254,2,86
DB15496,1.81428571428571,-1.57147290145457,0.0580364220256083,2,86
DB00055,2.88571428571429,2.99461677495059,0.998626050759809,1,7
DB03401,1.85714285714286,-1.25829232497742,0.104143027913143,2,74.5
DB02835,2.02857142857143,-0.230929092115792,0.408684944630794,1,37
DB04397,2.02857142857143,-0.333405632173175,0.369414056141018,1,37
DB04530,2.31428571428571,0.769712864953983,0.779264881494718,1,17
DB06733,1.82857142857143,-1.05914117452229,0.14476774530461,1,90
DB06734,1.82857142857143,-0.927326676993279,0.176878473764902,1,90
DB02494,1.74285714285714,-2.99881135490537,0.0013551753289217,6,129
DB04865,1.74285714285714,-1.2390394425352,0.107665445769455,1,135
DB07374,1.74285714285714,-3.50062063987139,0.000232088045234913,6,129
DB08437,1.74285714285714,-3.06004450975839,0.00110652049909962,6,129
DB00328,2.88571428571429,3.29340274138506,0.999505087100912,1,4
DB01536,2.88571428571429,2.735178134306,0.996882673688568,1,4
DB02056,2.88571428571429,3.06435078627308,0.998909285184766,1,4
DB02266,2.88571428571429,2.2765023112639,0.988592018785706,1,4
DB07700,2.88571428571429,2.95646345552366,0.998444054470438,1,4
DB05217,2,-0.423796618552589,0.335857072201064,1,10
DB12731,2,-0.276313690760418,0.391153570698314,1,10
DB06098,1.85714285714286,-1.54383951666195,0.0613136077624724,2,53
DB01684,2.02857142857143,-0.452431766594538,0.325478983246347,1,11
DB03535,2.02857142857143,-0.247849739710687,0.402125334288636,1,11
DB03864,2.02857142857143,-0.395599176347126,0.346200372408762,1,11
DB07148,2.02857142857143,-0.23335918105618,0.407741253500075,1,11
DB08738,2.02857142857143,-0.272313044153127,0.3926906636491,1,11
DB08739,2.02857142857143,-0.231843927110265,0.408329618768472,1,11
DB00151,2.17142857142857,0.359982946542126,0.640570056729661,3,12.6666666666667
DB13874,1.88571428571429,-0.883580693181399,0.188461302515751,1,25
DB01034,1.71428571428571,-1.93685026204044,0.0263818249314975,1,86
DB01083,1.71428571428571,-1.53690182218089,0.0621586766190881,1,86
DB00160,1.91428571428571,-0.776697527148194,0.218668623079077,1,34
DB00133,1.88571428571429,-0.908295652558911,0.181861019406325,1,33
DB02162,1.91428571428571,-0.666657026116166,0.252495617211449,1,49
DB02183,1.91428571428571,-0.772045167615915,0.22004383814589,1,49
DB03349,1.91428571428571,-0.80351992180853,0.210837143417517,1,49
DB03192,1.97142857142857,-0.491022202076111,0.311705372301445,1,37
DB00789,1.94285714285714,-0.686555921154301,0.246181306710032,1,40
DB00851,1.94285714285714,-0.724658749286859,0.234330703798057,1,40
DB00920,1.94285714285714,-0.678049859711876,0.248870040193158,1,40
DB03962,1.94285714285714,-0.721940865521948,0.235165417540957,1,40
DB01586,2.57142857142857,1.59686129999474,0.944851686000876,1,8
DB06777,2.57142857142857,1.93150377807594,0.973289608723849,1,8
DB07768,2.57142857142857,2.2183097272919,0.986733139303534,1,8
DB04324,2,-0.496254148642403,0.30985755578376,1,17
DB07901,2,-0.405610174292414,0.342514525993372,1,17
DB07902,2,-0.497357081291398,0.309468632747107,1,17
DB07903,2,-0.375072200521728,0.353803385558971,1,17
DB03384,1.97142857142857,-0.686322366730183,0.246254923803436,1,56
DB05408,1.97142857142857,-0.532453523384249,0.297205961665441,1,56
DB01695,1.85714285714286,-0.913230867358367,0.180560566447596,1,63
DB03026,1.85714285714286,-1.05499929415958,0.145712823781281,1,63
DB03132,1.85714285714286,-0.914707277328629,0.180172661455672,1,63
DB03135,1.85714285714286,-0.897615262816836,0.184695349569751,1,63
DB03314,1.85714285714286,-0.971843622997514,0.165564175095906,1,63
DB03379,1.85714285714286,-0.864618186956215,0.19362419349052,1,63
DB03900,1.85714285714286,-0.93322264263448,0.175352513142767,1,63
DB07387,1.85714285714286,-0.986264615785809,0.162001639274406,1,63
DB02623,1.8,-1.26920759010883,0.102183517342061,1,84
DB02740,2,-0.395030816242516,0.346410072775572,1,30
DB01780,1.2,-3.36905017919844,0.000377138478335687,1,622
DB00091,1.91428571428571,-0.695398536313983,0.24340278878665,1,61
DB01742,1.91428571428571,-0.79182649824421,0.214230924674517,1,61
DB02419,1.91428571428571,-0.742569205188607,0.228871269197891,1,61
DB03393,1.91428571428571,-0.790365041181133,0.21465730612979,1,61
DB01750,1.91428571428571,-0.701924871270331,0.241363008716096,1,78
DB06980,1.91428571428571,-0.770204884902388,0.220589183348802,1,78
DB06981,1.91428571428571,-0.80126595397268,0.211488848154978,1,78
DB06982,1.91428571428571,-0.585373532316802,0.279148290787832,1,78
DB07950,1.91428571428571,-0.754701594148709,0.225214024898438,1,78
DB00163,1.88571428571429,-0.939592670416998,0.173713268683631,1,80
DB00518,1.8,-1.00001755566806,0.158651006011024,1,101
DB00643,1.8,-1.21653794450329,0.111890032835664,1,101
DB04910,1.8,-1.22196783362018,0.110859895659536,1,101
DB00201,1.74285714285714,-1.00379257556782,0.157739301877967,1,151
DB05210,1.74285714285714,-1.22104413396107,0.111034655033991,1,151
DB01631,2.62857142857143,2.51248339328287,0.994005762629575,1,8
DB01672,2.62857142857143,2.20179609999959,0.986160142650012,1,8
DB01926,2.62857142857143,2.58693005072162,0.995158237603743,1,8
DB02710,2.62857142857143,2.29982841718712,0.989271028586344,1,8
DB04043,2.62857142857143,2.00171118549845,0.977342098652029,1,8
DB04476,2.62857142857143,2.35378281667282,0.990708267378951,1,8
DB04478,2,-0.379450150799196,0.352176807551352,1,22
DB00313,2,-0.398465311669731,0.345143611564924,1,28
DB04707,1.94285714285714,-0.654617864805971,0.256356909530017,1,65
DB07876,1.94285714285714,-0.687975197039342,0.245734200340901,1,65
DB08162,1.94285714285714,-0.821134649894662,0.205784787589807,1,65
DB08756,1.94285714285714,-0.594893952801804,0.275957179874728,1,65
DB13165,1.94285714285714,-0.549129987197068,0.291458123691641,1,65
DB13931,1.94285714285714,-0.520472683510746,0.301367081131571,1,65
DB00491,1.91428571428571,-0.727337914341979,0.233509488745589,1,31
DB04066,2.08571428571429,-0.0215164753698394,0.491416830530379,1,12
DB07177,2.08571428571429,-0.101670824101081,0.459508980552817,1,12
DB00997,1.8,-1.11052901537765,0.133385566025827,1,89
DB00123,1.85714285714286,-0.981856159951083,0.163085358112569,1,77
DB00316,1.97142857142857,-0.445687527037862,0.327911487812195,1,81
DB05036,1.97142857142857,-0.577434798101283,0.281822886332516,1,81
DB08605,1.94285714285714,-0.701059447424599,0.241632958298068,1,24
DB02761,2.11428571428571,0.0203398893978339,0.508113882388425,1,9
DB03889,2.11428571428571,-0.0576972167625849,0.476994905353282,1,5
DB03612,2.05714285714286,-0.161380024477528,0.435897049305523,1,16
DB01944,2.28571428571429,0.855364348591804,0.803825263016256,1,10
DB03126,2.28571428571429,0.543896576220572,0.706743677426497,1,10
DB07468,2.28571428571429,0.935997365949025,0.825362728044664,1,10
DB07469,2.28571428571429,0.90300656916287,0.816738795763151,1,10
DB07470,2.28571428571429,0.853976655337008,0.803441037858006,1,10
DB08276,2.28571428571429,0.937100988276483,0.825646693431558,1,10
DB04964,2.57142857142857,2.06148174381225,0.980371448303501,1,6
DB05786,1.91428571428571,-0.769238410542102,0.220875896004145,1,46
DB06774,1.77142857142857,-1.22363001729542,0.110545915310379,1,94
DB02820,1.85714285714286,-0.881488291472044,0.189026794256264,1,132
DB03964,1.94285714285714,-0.722856643254822,0.234883981516422,1,31
DB04072,1.94285714285714,-0.592920450165706,0.276617195632811,1,31
DB04351,1.94285714285714,-0.668004098524458,0.252065488146219,1,31
DB04562,1.94285714285714,-0.603731480197135,0.273011090525933,1,31
DB07574,1.74285714285714,-1.28670251294349,0.0990989984341755,1,107
DB07664,2.05714285714286,-0.111386150877588,0.455655070859266,1,9
DB07853,2.05714285714286,-0.142732594165356,0.443250686920384,1,9
DB12010,2.05714285714286,-0.2818478243263,0.389030099150329,1,9
DB03661,2.14285714285714,0.283825283883216,0.611727861374739,1,5
DB00167,1.97142857142857,-0.477101963840712,0.316644758163572,1,32
DB12339,2,-0.325533752780991,0.372388570736545,1,14
DB00149,1.85714285714286,-0.91732967240275,0.179484956551792,1,54
DB00141,2.31428571428571,0.544087903810276,0.706809508026466,1,15
DB04700,1.97142857142857,-0.533663416794805,0.296787211992909,1,28
DB02772,1.94285714285714,-0.569490360807495,0.284511705185632,1,30
